ID,Food,Source,MealType,FoodType,Vegan,ServingUnit,Calories,Protein,Carbohydrates,Fat,Fiber,Sugar
ASC001,Hot tea (Garam Chai),asc_manual,Beverage,Vegetarian,False,tea cup,33.98374938964844,0.8165000081062317,5.434999942779541,1.1200000047683716,0.0,5.422499656677246
ASC002,Instant coffee,asc_manual,Beverage,Vegetarian,False,tea cup,104.20124816894531,2.882999897003174,16.440000534057617,3.359999895095825,0.0,16.267499923706055
ASC003,Espreso coffee,asc_manual,Beverage,Vegetarian,False,tea cup,81.69625091552734,2.7689998149871826,10.493499755859375,3.3889999389648438,0.0,10.355999946594238
ASC004,Iced tea,asc_manual,Beverage,Vegetarian,True,tall glass,33.095001220703125,0.08949999511241913,8.644999504089355,0.03500000014901161,0.0,8.644999504089355
ASC005,Raw mango drink (Aam panna),asc_manual,Beverage,Vegetarian,True,tall glass,96.44041442871094,0.42163750529289246,24.292449951171875,0.07072500139474869,1.6432875394821167,20.112924575805664
ASC006,Fruit Punch (with fresh juices),asc_manual,Beverage,Vegetarian,True,tall glass,196.59661865234375,0.758525013923645,51.06184005737305,0.17691999673843384,0.32690000534057617,50.327239990234375
ASC007,Fruit Punch (with squashes),asc_manual,Beverage,Vegetarian,True,tall glass,116.2970962524414,0.36377501487731934,30.119091033935547,0.08466999977827072,0.8458999991416931,29.5839900970459
ASC008,Lemonade,asc_manual,Beverage,Vegetarian,True,glass,72.64044952392578,0.12160000205039978,19.133899688720703,0.0364999994635582,0.05889999866485596,19.11079978942871
ASC009,Lem-o-gin,asc_manual,Main Meal,Vegetarian,True,glass,76.76319885253906,0.288100004196167,19.806650161743164,0.1002499982714653,0.4609000086784363,19.209049224853516
ASC010,Cumin infused water (Jeere/Zeere ka pani),asc_manual,Beverage,Vegetarian,True,glass,30.803081512451172,0.5744500160217285,6.317924976348877,0.3744249939918518,1.5708000659942627,4.953000068664551
ASC011,Coco pine cooler,asc_manual,Main Meal,Vegetarian,True,tall glass,141.54014587402344,2.398940086364746,24.71183967590332,4.321919918060303,1.1118199825286865,23.8723201751709
ASC012,Summer cooler,asc_manual,Main Meal,Vegetarian,True,tall glass,110.94645690917969,1.849552035331726,26.86810302734375,0.17510999739170074,0.9730759859085083,25.782846450805664
ASC014,Hot cocoa,asc_manual,Main Meal,Vegetarian,True,cup,172.09100341796875,6.422999858856201,17.636999130249023,8.71500015258789,0.0,17.20199966430664
ASC015,Cold coffee with ice cream,asc_manual,Beverage,Vegetarian,False,tall glass,204.56399536132812,4.733999729156494,33.90299987792969,6.360000133514404,0.024000000208616257,33.70800018310547
ASC016,Banana milkshake (Kele milkshake),asc_manual,Beverage,Vegetarian,True,tall glass,225.6337890625,6.368599891662598,31.597999572753906,8.19260025024414,0.8840000033378601,27.488000869750977
ASC017,Mango milkshake (Aam milkshake),asc_manual,Beverage,Vegetarian,True,tall glass,202.2834930419922,6.138599872589111,25.70800018310547,8.339600563049316,0.9399999976158142,25.413000106811523
ASC018,Pineapple milkshake (Ananas milkshake),asc_manual,Beverage,Vegetarian,True,tall glass,203.09100341796875,6.047999858856201,27.79199981689453,8.124000549316406,0.0,27.70199966430664
ASC019,Orange milkshake (Narangi milkshake),asc_manual,Beverage,Vegetarian,True,tall glass,183.4409942626953,5.958000183105469,22.707000732421875,8.064000129699707,0.0,22.617000579833984
ASC020,Egg nog,asc_manual,Main Meal,Non-Vegetarian,False,tall glass,294.8243103027344,14.496099472045898,24.720199584960938,15.510199546813965,0.059950001537799835,24.46739959716797
ASC021,Sweet Lassi (Meethi lassi),asc_manual,Beverage,Vegetarian,True,tall glass,157.8000030517578,5.699999809265137,28.799999237060547,3.0,0.0,28.799999237060547
ASC022,Lassi (salted),asc_manual,Beverage,Vegetarian,True,tall glass,79.76121520996094,5.734774589538574,7.856550216674805,3.041599988937378,0.07587499916553497,7.803450107574463
ASC023,Cheese and chilli sandwich ,asc_manual,Breakfast,Vegetarian,False,triangle,121.59893035888672,3.7885499000549316,15.276299476623535,5.452600002288818,1.1589000225067139,1.326799988746643
ASC024,Egg sandwich (Ande ka sandwich),asc_manual,Breakfast,Non-Vegetarian,False,triangle,145.12322998046875,4.41254997253418,14.7972993850708,8.017350196838379,0.9528999924659729,0.9458000063896179
ASC025,Cucumber sandwich (Kheere ka sandwich),asc_manual,Dessert,Vegetarian,True,triangle,114.57322692871094,2.9150497913360596,15.652299880981445,4.85860013961792,1.4879000186920166,0.9982999563217163
ASC026,Cheese and pineapple sandwich (Cheese aur ananas ka sandwich),asc_manual,Breakfast,Vegetarian,False,triangle,143.6757354736328,4.569550037384033,16.224300384521484,7.1346001625061035,1.2989000082015991,2.286799907684326
ASC027,Cheese and tomato sandwich (Cheese aur tamatar ke sandwich),asc_manual,Breakfast,Vegetarian,False,triangle,141.73385620117188,4.612549781799316,15.682299613952637,7.149849891662598,1.1504000425338745,1.6582999229431152
ASC028,Chicken sandwich,asc_manual,Breakfast,Non-Vegetarian,False,triangle,147.5313262939453,7.644799709320068,14.782299995422363,6.843600273132324,0.9528999924659729,0.9307999610900879
ASC029,Peanut and tomato sandwich (Moongfali aur tamatar ka sandwich),asc_manual,Breakfast,Vegetarian,True,triangle,177.04185485839844,5.78879976272583,17.341049194335938,9.803600311279297,2.4479000568389893,1.7107999324798584
ASC030,Rainbow sandwich,asc_manual,Breakfast,Vegetarian,True,triangle,130.443359375,3.704819917678833,16.38673210144043,5.9970526695251465,1.0056650638580322,1.9346524477005005
ASC031,Club sandwich ,asc_manual,Breakfast,Vegetarian,True,triangle,206.79112243652344,6.423774719238281,16.26427459716797,13.288050651550293,1.5889500379562378,1.7691500186920166
ASC032,Vegetarian club sandwich,asc_manual,Breakfast,Vegetarian,True,triangle,164.36537170410156,4.517775058746338,16.313274383544922,9.389050483703613,1.704450011253357,1.7241499423980713
ASC033,Pin wheel sandwich,asc_manual,Breakfast,Vegetarian,True,triangle,86.83636474609375,2.443774938583374,3.9036498069763184,6.950550079345703,0.25894999504089355,0.40540000796318054
ASC034,Carrot apple sandwich (Gajar aur seb ka sandwich),asc_manual,Breakfast,Vegetarian,True,triangle,208.22377014160156,5.151700019836426,28.246225357055664,8.873074531555176,3.555500030517578,5.149549961090088
ASC035,Salami sandwich,asc_manual,Breakfast,Vegetarian,True,triangle,189.7783203125,6.456549644470215,15.992300033569336,11.51609992980957,1.462399959564209,1.4822999238967896
ASC036,Vegetable and mayonnaise sandwich,asc_manual,Breakfast,Vegetarian,True,triangle,166.83128356933594,3.0555198192596436,15.846564292907715,10.517109870910645,1.605870008468628,1.6042850017547607
ASC037,Egg and tomato sandwich (Ande aur tamatar ka sandwich),asc_manual,Breakfast,Non-Vegetarian,False,triangle,132.15328979492188,4.555049896240234,15.412300109863281,6.252974987030029,1.051650047302246,1.2445499897003174
ASC038,Sweet open sandwich,asc_manual,Dessert,Vegetarian,True,triangle,144.1050262451172,2.9413998126983643,23.153799057006836,4.810800075531006,1.3904000520706177,7.21619987487793
ASC039,Mushroom and cheese sandwich (toasted),asc_manual,Breakfast,Vegetarian,False,triangle,172.2699737548828,5.897549629211426,15.917299270629883,9.853599548339844,1.7303999662399292,1.5957999229431152
ASC040,Cheese and tomato sandwich (toasted) (Cheese aur tamatar ke sandwich (toasted)),asc_manual,Breakfast,Vegetarian,False,triangle,170.1189727783203,5.1675496101379395,16.222299575805664,9.811100006103516,1.3479000329971313,2.0257999897003174
ASC041,Pea potato sandwich (toasted) (Matar aloo ka sandwich),asc_manual,Breakfast,Vegetarian,True,toasted triangle,146.55545043945312,4.092618942260742,22.36838150024414,4.823389530181885,2.5648486614227295,1.1845059394836426
ASC042,Paneer pea sandwich (toasted) (Paneer matar ka sandwich),asc_manual,Breakfast,Vegetarian,False,toasted triangle,221.7926483154297,11.02061939239502,21.376380920410156,10.643389701843262,1.8808485269546509,5.684505939483643
ASC043,Chicken sandwich (toasted),asc_manual,Breakfast,Non-Vegetarian,False,toasted triangle,143.09962463378906,10.329299926757812,16.09054946899414,4.544849872589111,1.4039000272750854,1.8248000144958496
ASC044,Pea keema sandwich (toasted) (Matar aur keema ka sandwich),asc_manual,Breakfast,Non-Vegetarian,False,toasted triangle,145.39048767089844,9.356972694396973,17.14426040649414,4.749497413635254,2.076564073562622,1.6446064710617065
ASC045,Classic club sandwich,asc_manual,Beverage,Vegetarian,True,triangle,448.8572998046875,15.05579948425293,41.328697204589844,25.84239959716797,3.629300117492676,4.150899887084961
ASC046,Sesame toast,asc_manual,Main Meal,Vegetarian,True,toasted triangle,309.1819763183594,1.1857500076293945,6.959887504577637,30.83049964904785,0.8235374689102173,0.9132375121116638
ASC047,Cracked wheat porridge (Meetha daliya),asc_manual,Breakfast,Vegetarian,True,bowl,328.70751953125,10.649999618530273,35.75,16.44499969482422,2.5,20.625
ASC048,Semolina porridge (Suji/Rava daliya),asc_manual,Breakfast,Vegetarian,True,bowl,280.4862976074219,10.425999641418457,34.43600082397461,11.347999572753906,1.944000005722046,20.954999923706055
ASC050,Oatmeal Porridge,asc_manual,Breakfast,Vegetarian,True,bowl,289.9574890136719,10.329999923706055,34.88999938964844,12.819999694824219,1.559999942779541,20.684999465942383
ASC051,Cornflakes with milk,asc_manual,Main Meal,Vegetarian,False,bowl,326.1679992675781,9.984000205993652,41.555999755859375,14.232000350952148,2.1600000858306885,27.72599983215332
ASC052,Rice flakes (Chiwda/Aval),asc_manual,Main Meal,Vegetarian,True,bowl,312.583984375,10.055999755859375,43.28099822998047,11.093999862670898,1.0379999876022339,20.237998962402344
ASC053,Wheat flakes,asc_manual,Main Meal,Vegetarian,True,bowl,312.583984375,10.055999755859375,43.28099822998047,11.093999862670898,1.0379999876022339,20.237998962402344
ASC054,Murmura (Puffed rice),asc_manual,Snack,Vegetarian,True,bowl,315.02178955078125,10.0649995803833,43.560001373291016,11.23799991607666,0.7680000066757202,20.327999114990234
ASC055,Puffed wheat (Murmure/Moori),asc_manual,Snack,Vegetarian,True,bowl,315.02178955078125,10.0649995803833,43.560001373291016,11.23799991607666,0.7680000066757202,20.327999114990234
ASC056,Boiled egg (Ubla anda),asc_manual,Main Meal,Non-Vegetarian,False,egg,68.4854507446289,6.6905999183654785,0.181099995970726,4.588699817657471,0.16580000519752502,0.0015999999595806003
ASC057,Fried Egg ,asc_manual,Main Meal,Non-Vegetarian,False,egg,129.16795349121094,6.6905999183654785,0.181099995970726,11.331949234008789,0.16580000519752502,0.0015999999595806003
ASC058,Poached egg,asc_manual,Main Meal,Non-Vegetarian,False,egg,69.3654556274414,6.706599712371826,0.20509999990463257,4.588699817657471,0.16580000519752502,0.025599999353289604
ASC059,Scrambled egg (Ande ki bhurji),asc_manual,Main Meal,Non-Vegetarian,False,egg,109.17970275878906,7.20359992980957,0.9460999965667725,8.548700332641602,0.16580000519752502,0.7591000199317932
ASC060,Baked egg ,asc_manual,Main Meal,Non-Vegetarian,False,egg,221.03546142578125,12.00059986114502,15.571099281311035,12.77869987487793,1.0357999801635742,1.6815999746322632
ASC061,Plain omelette/omlet,asc_manual,Breakfast,Non-Vegetarian,False,omelette,389.5476989746094,13.819600105285645,0.9221000075340271,36.80870056152344,0.16580000519752502,0.7351000308990479
ASC062,Stuffed egg omelette/omlet,asc_manual,Breakfast,Non-Vegetarian,False,omelette,533.2089233398438,22.538599014282227,6.031100273132324,46.56919860839844,1.9658000469207764,4.109099864959717
ASC063,Pancake,asc_manual,Dessert,Vegetarian,True,pancake,85.96858215332031,2.4021201133728027,8.661999702453613,4.57272481918335,0.2759999930858612,1.4014999866485596
ASC064,Keema pancake,asc_manual,Dessert,Non-Vegetarian,False,pancake,194.5767364501953,9.942151069641113,10.551835060119629,12.413161277770996,0.9279019832611084,2.424740791320801
ASC065,Vegetable pancake,asc_manual,Dessert,Vegetarian,True,pancake,146.6440887451172,4.528619766235352,14.333499908447266,7.700475215911865,2.9019999504089355,2.442625045776367
ASC067,Khoa and coconut pancake,asc_manual,Dessert,Vegetarian,False,pancake,193.5142822265625,4.965994834899902,19.44045066833496,10.881975173950195,1.175125002861023,11.718975067138672
ASC068,Brown stock,asc_manual,Main Meal,Vegetarian,True,cup,103.65458679199219,9.470649719238281,1.2235249280929565,6.727575302124023,0.4558500051498413,0.6816999912261963
ASC069,Vegetable stock,asc_manual,Main Meal,Vegetarian,True,cup,73.13308715820312,1.2450000047683716,3.986375093460083,5.723225116729736,1.5851000547409058,1.8399499654769897
ASC070,Chicken stock,asc_manual,Main Meal,Non-Vegetarian,False,cup,112.33460235595703,13.85925006866455,1.3827500343322754,5.67864990234375,0.3891500234603882,0.73580002784729
ASC079,Clear tomato soup (Tamatar ka soup),asc_manual,Main Meal,Vegetarian,True,soup bowl,318.41461181640625,19.05940055847168,13.721650123596191,48.61235046386719,7.809000015258789,5.713000297546387
ASC080,Lentil soup,asc_manual,Main Meal,Vegetarian,True,soup bowl,121.308349609375,37.57402801513672,15.353501319885254,45.457305908203125,10.018588066101074,4.107023239135742
ASC081,Chicken consomme (Clear chicken soup),asc_manual,Main Meal,Non-Vegetarian,False,soup bowl,108.3073501586914,25.914100646972656,2.6778500080108643,27.150249481201172,3.5429000854492188,1.222100019454956
ASC082,Cream of tomato soup,asc_manual,Main Meal,Vegetarian,False,soup bowl,452.28369140625,21.318099975585938,18.16309928894043,60.645999908447266,6.359100341796875,8.356200218200684
ASC083,Cream of green peas soup,asc_manual,Main Meal,Vegetarian,False,soup bowl,522.2297973632812,29.113401412963867,27.576499938964844,60.381900787353516,12.052900314331055,6.576300144195557
ASC084,Cream of spinach soup,asc_manual,Main Meal,Vegetarian,False,soup bowl,465.117919921875,24.12172508239746,15.944491386413574,61.57588195800781,8.053511619567871,5.232091903686523
ASC085,Cream of mixed vegetable soup,asc_manual,Main Meal,Vegetarian,False,soup bowl,216.15640258789062,24.805601119995117,17.8705997467041,32.794498443603516,7.767600059509277,7.602200031280518
ASC086,Cream of mushroom soup,asc_manual,Main Meal,Vegetarian,False,soup bowl,439.8269348144531,24.90312385559082,14.035191535949707,58.132381439208984,5.011061191558838,7.242691993713379
ASC087,Chicken sweet corn soup,asc_manual,Dessert,Non-Vegetarian,False,soup bowl,68.46476745605469,34.99354934692383,3.94777512550354,30.443649291992188,1.1269500255584717,0.6406499743461609
ASC088,Minestrone soup,asc_manual,Main Meal,Vegetarian,True,soup bowl,98.16986083984375,21.4101505279541,8.548774719238281,25.514925003051758,4.424449920654297,2.335400104522705
ASC089,Egg drop soup,asc_manual,Main Meal,Non-Vegetarian,False,soup bowl,84.63752746582031,41.084800720214844,3.4975497722625732,42.94834899902344,2.575900077819824,1.9213000535964966
ASC090,Chinese cabbage and meat ball soup,asc_manual,Main Meal,Non-Vegetarian,False,soup bowl,2254.248291015625,24.254337310791016,6.651449680328369,263.3182678222656,2.634906053543091,1.7381634712219238
ASC091,French onion soup,asc_manual,Main Meal,Vegetarian,True,soup bowl,195.69065856933594,40.14400100708008,15.044499397277832,50.64529800415039,3.565800189971924,5.286600112915039
ASC092,Hot and sour soup,asc_manual,Main Meal,Vegetarian,True,soup bowl,123.84980773925781,12.247037887573242,6.978763103485107,5.157778739929199,2.3627469539642334,2.578212022781372
ASC093,Talaumein soup,asc_manual,Main Meal,Vegetarian,True,soup bowl,131.48260498046875,37.355350494384766,15.394519805908203,47.18227005004883,7.157410144805908,2.8340201377868652
ASC094,Cold cucumber soup (Thanda kheere ka soup),asc_manual,Dessert,Vegetarian,True,soup bowl,90.1298828125,5.606462478637695,8.59620189666748,3.736067056655884,1.6466785669326782,6.276902198791504
ASC095,Cold summer garden soup,asc_manual,Main Meal,Vegetarian,True,soup bowl,151.00250244140625,26.31399917602539,8.122200012207031,43.229698181152344,5.699900150299072,1.4138000011444092
ASC096,Chapati/Roti,asc_manual,Main Meal,Vegetarian,True,chapati,72.83200073242188,2.115000009536743,12.833999633789062,1.2820000648498535,2.2720000743865967,0.36000001430511475
ASC097,Plain parantha/paratha,asc_manual,Breakfast,Vegetarian,True,parantha,166.3126678466797,2.818666696548462,17.11199951171875,9.398999214172363,3.0293333530426025,0.48000001907348633
ASC098,Potato parantha/paratha (Aloo ka parantha/paratha),asc_manual,Breakfast,Vegetarian,True,parantha,191.4344024658203,3.452496290206909,22.332578659057617,9.541991233825684,3.8981802463531494,1.0759037733078003
ASC099,Radish parantha/paratha (Mooli ka parantha/paratha),asc_manual,Breakfast,Vegetarian,True,parantha,183.57928466796875,3.2984962463378906,20.5485782623291,9.530658721923828,4.32551383972168,1.3072370290756226
ASC100,Cauliflower parantha/paratha (Phoolgobhi ka parantha/paratha),asc_manual,Breakfast,Vegetarian,True,parantha,181.38844299316406,3.7954959869384766,19.188077926635742,9.641491889953613,4.7681803703308105,1.1690703630447388
ASC101,Dal parantha/paratha,asc_manual,Breakfast,Vegetarian,True,parantha,205.7345733642578,5.196829319000244,23.033912658691406,10.011658668518066,4.957180500030518,1.093570351600647
ASC102,Sprouted moong parantha/paratha,asc_manual,Breakfast,Vegetarian,True,parantha,175.32427978515625,3.2918293476104736,18.64191246032715,9.530658721923828,3.4421803951263428,1.1305702924728394
ASC103,Pea parantha/paratha (Matar ka parantha/paratha),asc_manual,Breakfast,Vegetarian,True,parantha,206.6826171875,6.062662601470947,23.311912536621094,9.534825325012207,6.07551383972168,1.3947371244430542
ASC104,Keema parantha/paratha,asc_manual,Breakfast,Non-Vegetarian,False,parantha,238.15760803222656,9.408495903015137,18.36191177368164,13.91399097442627,3.4421803951263428,0.9905703663825989
ASC105,Paneer parantha/paratha,asc_manual,Breakfast,Vegetarian,False,parantha,223.59983825683594,6.788829326629639,20.684579849243164,12.432659149169922,3.4013471603393555,3.2065703868865967
ASC106,Besan and spinach parantha/paratha (Besan aur palak ka parantha/paratha),asc_manual,Breakfast,Vegetarian,True,parantha,178.1224822998047,4.5620293617248535,17.598379135131836,9.944491386413574,3.6151134967803955,1.079437017440796
ASC107,Poori,asc_manual,Main Meal,Vegetarian,True,poori,921.3056640625,1.6920000314712524,10.267199516296387,96.92959594726562,1.8176000118255615,0.2880000174045563
ASC108,Spinach poori (Palak poori),asc_manual,Main Meal,Vegetarian,True,poori,923.7434692382812,1.9195001125335693,10.472200393676758,97.00789642333984,2.090400218963623,0.3192000091075897
ASC109,Methi poori,asc_manual,Main Meal,Vegetarian,True,poori,923.0264892578125,1.8895000219345093,10.375699996948242,96.98539733886719,2.097400188446045,0.3392000198364258
ASC110,Dal stuffed poori,asc_manual,Main Meal,Vegetarian,True,poori,932.6478271484375,2.4651825428009033,12.041372299194336,97.02909851074219,2.3334317207336426,0.34883779287338257
ASC111,Potato stuffed poori (Aloo ki poori),asc_manual,Main Meal,Vegetarian,True,poori,925.8718872070312,1.8135000467300415,11.20580005645752,96.97279357910156,1.9550001621246338,0.3144000172615051
ASC112,Tandoori parantha/paratha,asc_manual,Breakfast,Vegetarian,True,parantha,164.42266845703125,2.827666997909546,17.11199951171875,9.192000389099121,3.0293333530426025,0.48000001907348633
ASC113,Boiled rice (Uble chawal),asc_manual,Main Meal,Vegetarian,True,plate,351.5690002441406,7.809999942779541,77.16000366210938,0.550000011920929,3.740000009536743,0.6700000166893005
ASC114,Plain pulao,asc_manual,Main Meal,Vegetarian,True,plate,431.7001647949219,7.200700283050537,67.17179870605469,14.23134994506836,5.189650058746338,3.526900053024292
ASC115,Mixed vegetable pulao,asc_manual,Main Meal,Vegetarian,True,plate,495.6087646484375,11.936699867248535,76.6758041381836,14.588349342346191,11.693650245666504,5.9268999099731445
ASC116,Mushroom pulao,asc_manual,Main Meal,Vegetarian,True,plate,445.4426574707031,9.04069995880127,68.16180419921875,14.441349983215332,6.744649887084961,3.576900005340576
ASC117,Sprouted moong pulao,asc_manual,Main Meal,Vegetarian,True,plate,460.8106384277344,8.925700187683105,71.3468017578125,14.716349601745605,7.2796502113342285,5.841899871826172
ASC118,Paneer pulao,asc_manual,Main Meal,Vegetarian,False,plate,4875.8408203125,16.630701065063477,73.37680053710938,501.1413269042969,5.189650058746338,9.31190013885498
ASC119,Peanut pulao ,asc_manual,Main Meal,Vegetarian,True,plate,691.732177734375,19.025699615478516,75.80680084228516,34.046348571777344,10.379650115966797,5.736900329589844
ASC120,Navratan pulao,asc_manual,Main Meal,Vegetarian,True,plate,479.1868896484375,11.349349975585938,67.70862579345703,17.308673858642578,6.988399982452393,4.612249851226807
ASC121,Green chickpeas pulao (Choliya pulao/Hare chane ka pulao),asc_manual,Main Meal,Vegetarian,True,plate,620.7001342773438,17.450700759887695,98.67179870605469,17.25135040283203,11.289649963378906,8.876899719238281
ASC122,Mutton biryani/biriyani,asc_manual,Main Meal,Non-Vegetarian,False,plate,396.4344482421875,15.329362869262695,46.7481689453125,16.052642822265625,5.018989086151123,4.965851783752441
ASC123,Vegetable biryani/biriyani,asc_manual,Main Meal,Vegetarian,True,plate,526.548095703125,9.531087875366211,55.962242126464844,28.672691345214844,9.977289199829102,6.458726406097412
ASC124,"Lemon rice (Pulihora, Elumichai sadam, Chitranna)",asc_manual,Beverage,Vegetarian,True,plate,562.6882934570312,13.58415412902832,69.00963592529297,25.14919090270996,8.050490379333496,2.48157000541687
ASC125,Sweet rice (Meethe chawal),asc_manual,Dessert,Vegetarian,True,plate,749.1326904296875,7.289125442504883,148.12066650390625,15.877700805664062,3.9320881366729736,86.2615966796875
ASC126,Curd rice (Dahi bhaat/Dahi chawal/ Perugu annam/Daddojanam/Thayir saadam),asc_manual,Main Meal,Vegetarian,False,plate,423.10516357421875,12.436190605163574,71.18245697021484,9.33082103729248,4.612436294555664,8.462196350097656
ASC127,Tamarind rice (Chintapandu pulihora/Puliyodharai/Puli sadam/Huli anna),asc_manual,Main Meal,Vegetarian,True,plate,476.8552551269531,9.5274019241333,83.19354248046875,10.907444953918457,6.542069911956787,14.891310691833496
ASC128,Spanish rice,asc_manual,Main Meal,Vegetarian,True,plate,357.2238464355469,9.112299919128418,67.63829803466797,4.856200218200684,6.041900157928467,2.7397000789642334
ASC129,Chinese fried rice,asc_manual,Main Meal,Vegetarian,True,plate,423.648193359375,14.235087394714355,47.08414077758789,19.093475341796875,8.12584114074707,5.172310829162598
ASC133,Macroni cheese pie,asc_manual,Dessert,Vegetarian,False,casserole dish,408.6529541015625,14.013099670410156,50.52259826660156,17.923200607299805,0.9558000564575195,8.1496000289917
ASC134,Vegetable chowmein,asc_manual,Main Meal,Vegetarian,True,plate,388.59686279296875,9.187963485717773,46.26813888549805,19.049726486206055,5.582215785980225,5.894811153411865
ASC135,Chicken chowmein,asc_manual,Main Meal,Non-Vegetarian,False,plate,521.04150390625,21.798555374145508,45.79692840576172,28.352359771728516,5.663684844970703,5.615409851074219
ASC136,Cheese noodle ring,asc_manual,Main Meal,Vegetarian,False,plate,531.3351440429688,24.741600036621094,55.47309875488281,24.316200256347656,5.043799877166748,11.301599502563477
ASC138,Penne platter,asc_manual,Main Meal,Vegetarian,True,plate,463.902587890625,13.181600570678711,54.58060073852539,22.775699615478516,2.854300022125244,11.771599769592285
ASC139,Pasta hot pot,asc_manual,Main Meal,Vegetarian,True,plate,1040.7125244140625,48.53448486328125,96.45956420898438,53.76277542114258,6.684634208679199,49.82978820800781
ASC140,Chicken lasagne,asc_manual,Main Meal,Non-Vegetarian,False,plate,964.6439208984375,53.77770233154297,71.5271987915039,53.30939865112305,0.5441000461578369,14.108699798583984
ASC142,Naan,asc_manual,Main Meal,Vegetarian,True,naan,152.2957305908203,4.281033039093018,27.515981674194336,2.6518666744232178,1.0150500535964966,2.9700498580932617
ASC143,Bhatura,asc_manual,Main Meal,Vegetarian,True,bhatura,1154.6060791015625,2.3732500076293945,15.624625205993652,120.18199920654297,0.5519999861717224,1.0104999542236328
ASC144,Idli,asc_manual,Breakfast,Vegetarian,True,idli,34.46977615356445,1.16225004196167,7.062000274658203,0.08349999785423279,0.5787500143051147,0.07124999910593033
ASC147,Semolina dosa (Suji/Rava dosa),asc_manual,Breakfast,Vegetarian,True,dosa,166.69029235839844,5.359456539154053,24.11009407043457,5.224700450897217,2.969245672225952,3.2115180492401123
ASC148,Onion tomato uttapam,asc_manual,Breakfast,Vegetarian,True,uttapam,644.3204345703125,2.658409357070923,15.780997276306152,63.17839431762695,1.7603976726531982,1.1112653017044067
ASC149,Paneer kaathi roll,asc_manual,Snack,Vegetarian,False,kaathi roll,424.15228271484375,10.259506225585938,29.820480346679688,29.006113052368164,3.5664796829223633,4.886394500732422
ASC150,Makki ki roti,asc_manual,Main Meal,Vegetarian,True,roti,224.37310791015625,2.968600034713745,20.563199996948242,14.321999549865723,4.413000106811523,0.5929999947547913
ASC151,Washed moong dal (Dhuli moong ki dal),asc_manual,Main Meal,Vegetarian,True,bowl,138.50746154785156,7.417349815368652,16.362199783325195,4.656350135803223,3.243650197982788,0.3340499997138977
ASC152,Washed urad dal (Dhuli urad ki dal),asc_manual,Main Meal,Vegetarian,True,bowl,181.51795959472656,7.432350158691406,17.28969955444336,8.820850372314453,4.5246500968933105,0.95455002784729
ASC153,Split bengal gram with bottle gourd (Channa dal with ghiya/lauki),asc_manual,Main Meal,Vegetarian,True,bowl,204.2539520263672,7.778188228607178,19.799837112426758,10.045326232910156,7.586491107940674,2.917860984802246
ASC154,Dry washed urad,asc_manual,Main Meal,Vegetarian,True,bowl,178.5877685546875,9.80875015258789,22.428298950195312,5.007850170135498,5.810849666595459,1.041949987411499
ASC155,Mixed dal,asc_manual,Main Meal,Vegetarian,True,bowl,184.44068908691406,7.46242618560791,17.253101348876953,9.243354797363281,4.813687801361084,1.0088729858398438
ASC156,Whole moong (Moong ki dal),asc_manual,Main Meal,Vegetarian,True,bowl,183.8264617919922,7.700376033782959,17.865001678466797,8.778904914855957,6.905188083648682,2.0054731369018555
ASC157,Whole masoor (Masoor ki dal),asc_manual,Main Meal,Vegetarian,True,bowl,185.0453643798828,7.8023762702941895,18.399002075195312,8.619905471801758,6.7911882400512695,2.2934730052948
ASC158,Whole moth (Moth ki dal),asc_manual,Main Meal,Vegetarian,True,bowl,188.2718505859375,6.8663763999938965,19.65300178527832,8.96490478515625,6.329187870025635,2.2514729499816895
ASC159,Whole urad (Urad ki dal),asc_manual,Main Meal,Vegetarian,True,bowl,182.54302978515625,7.509575843811035,17.12700080871582,8.90340518951416,7.868788242340088,1.9238730669021606
ASC160,Moti mahal dal (Urad rajmah mix dal),asc_manual,Main Meal,Vegetarian,True,bowl,295.71942138671875,11.267874717712402,25.055500030517578,16.21875,9.692874908447266,4.888999938964844
ASC161,Black channa curry/Bengal gram curry (Kale chane ki curry),asc_manual,Main Meal,Vegetarian,True,bowl,168.69940185546875,6.794949054718018,16.926048278808594,7.926845073699951,9.580886840820312,2.8245770931243896
ASC162,Chickpeas curry (Safed channa curry),asc_manual,Main Meal,Vegetarian,True,bowl,195.98770141601562,7.313949108123779,23.95804786682129,8.20584487915039,5.674887180328369,5.737576961517334
ASC163,Lobia curry,asc_manual,Main Meal,Vegetarian,True,bowl,178.66571044921875,7.27194881439209,21.444047927856445,6.738844871520996,5.476886749267578,3.0075769424438477
ASC164,Soyabean curry,asc_manual,Main Meal,Vegetarian,True,bowl,195.802001953125,12.503949165344238,8.106049537658691,12.219844818115234,8.803887367248535,3.18757700920105
ASC165,Kidney bean curry (Rajmah curry),asc_manual,Main Meal,Vegetarian,True,bowl,172.35610961914062,7.136949062347412,19.641048431396484,6.924844741821289,6.985887050628662,2.983577013015747
ASC167,Sambar,asc_manual,Main Meal,Vegetarian,True,bowl,249.32276916503906,8.618037223815918,27.18551254272461,11.274487495422363,9.05931282043457,8.508950233459473
ASC168,Besan kadhi with pakodies,asc_manual,Main Meal,Vegetarian,True,bowl,2366.792724609375,9.648531913757324,20.911727905273438,249.90286254882812,4.7627949714660645,5.151834964752197
ASC169,Khatta channa,asc_manual,Main Meal,Vegetarian,True,bowl,318.1502380371094,9.887788772583008,33.2034912109375,16.585180282592773,8.26185417175293,7.459384441375732
ASC170,Sprouted moong dal chat,asc_manual,Main Meal,Vegetarian,True,plate,83.29520416259766,3.4619998931884766,15.402999877929688,0.824999988079071,3.450000047683716,4.019000053405762
ASC171,Potato cauliflower (Aloo gobhi),asc_manual,Main Meal,Vegetarian,True,bowl,186.60691833496094,3.3349881172180176,10.528312683105469,14.280903816223145,5.304596900939941,0.7665870189666748
ASC172,Potato capsicum (Shimla mirch aloo),asc_manual,Main Meal,Vegetarian,True,bowl,189.23593139648438,2.124988079071045,13.140812873840332,14.068404197692871,3.0520970821380615,0.8065869808197021
ASC173,Cabbage and peas (Pattagobhi aur matar),asc_manual,Main Meal,Vegetarian,True,bowl,106.20539093017578,5.385387897491455,10.366362571716309,4.397229194641113,6.626047134399414,1.6066620349884033
ASC174,Carrot and fenugreek leaves (Gajar methi),asc_manual,Main Meal,Vegetarian,True,bowl,118.10655975341797,3.9964380264282227,7.95616340637207,7.2615790367126465,8.447946548461914,4.020112037658691
ASC175,Potato fenugreek (Aloo methi),asc_manual,Main Meal,Vegetarian,True,bowl,276.03857421875,4.586438179016113,17.29616355895996,20.508079528808594,5.977946758270264,1.1101120710372925
ASC177,Brinjal bhartha (Baingan ka bhartha),asc_manual,Main Meal,Vegetarian,True,bowl,212.16659545898438,4.495488166809082,14.328238487243652,14.598976135253906,10.66904067993164,5.917211055755615
ASC178,Dry potato (Sookhe aloo),asc_manual,Main Meal,Vegetarian,True,bowl,109.07640075683594,1.7131749391555786,15.204999923706055,4.422524929046631,1.9848999977111816,0.3473999798297882
ASC179,Beans with coconut (Nariyal aur sem/phali; Beans thoran),asc_manual,Main Meal,Vegetarian,True,bowl,196.84153747558594,3.916139841079712,6.570097923278809,17.03790283203125,8.351897239685059,3.0846381187438965
ASC180,Cauliflower with coconut (Nariyal ke saath phoolgobhi),asc_manual,Main Meal,Vegetarian,True,bowl,197.5585479736328,3.9461400508880615,5.97009801864624,17.28790283203125,7.88189697265625,2.554637908935547
ASC181,Carrot and cabbage with coconut (Nariyal ke saath pattagobhi aur gajar),asc_manual,Main Meal,Vegetarian,True,bowl,212.73504638671875,3.6311399936676025,9.96509838104248,17.202903747558594,9.021897315979004,4.6996378898620605
ASC182,Raw turnip with coconut ,asc_manual,Main Meal,Vegetarian,True,bowl,197.6145477294922,2.6961400508880615,8.640097618103027,17.147903442382812,4.171896934509277,6.5846381187438965
ASC183,Raw papaya with coconut (Papaya thoran),asc_manual,Main Meal,Vegetarian,True,bowl,198.51454162597656,2.29613995552063,8.34009838104248,17.077903747558594,6.451897144317627,5.7146382331848145
ASC184,Stuffed okra (Bharwa bhindi),asc_manual,Main Meal,Vegetarian,True,bowl,104.24584197998047,2.297950029373169,4.2589497566223145,8.458925247192383,4.581500053405762,0.5309749841690063
ASC185,Stuffed round gourd (Bharwa tinde),asc_manual,Main Meal,Vegetarian,True,bowl,180.71798706054688,2.7393500804901123,9.981050491333008,14.267424583435059,5.222700119018555,4.864874839782715
ASC186,Stuffed capsicum (Bharwa shimla mirch),asc_manual,Main Meal,Vegetarian,True,capsicum,114.1301040649414,1.6782499551773071,10.361249923706055,7.158999919891357,2.5234999656677246,1.5227500200271606
ASC187,Stuffed brinjal (Bharwa baingan),asc_manual,Main Meal,Vegetarian,True,brinjal,51.49741744995117,0.8489750027656555,2.1919748783111572,4.2794623374938965,2.265749931335449,0.5104874968528748
ASC189,Stuffed tomatoes (Bharwa tamatar),asc_manual,Main Meal,Vegetarian,True,tomato,126.48592376708984,4.4469499588012695,8.387550354003906,8.211000442504883,2.978100061416626,3.6254498958587646
ASC190,Pea potato curry (Aloo matar),asc_manual,Main Meal,Vegetarian,True,bowl,279.8896179199219,9.659012794494629,27.009288787841797,14.218300819396973,10.005866050720215,5.170785903930664
ASC191,Pea paneer curry (Matar paneer),asc_manual,Main Meal,Vegetarian,False,bowl,373.9361267089844,18.319013595581055,25.769289016723633,21.493301391601562,9.150866508483887,10.795785903930664
ASC192,Pea mushroom curry (Matar mushroom),asc_manual,Main Meal,Vegetarian,True,bowl,258.7381286621094,10.729013442993164,20.554288864135742,14.313301086425781,10.705865859985352,5.060786247253418
ASC193,Pea curry (Matar ki sabzi),asc_manual,Main Meal,Vegetarian,True,bowl,285.6256408691406,12.514013290405273,25.504287719726562,14.16830062866211,12.31086540222168,5.495786190032959
ASC194,Pea vadi curry,asc_manual,Main Meal,Vegetarian,True,bowl,292.9256286621094,13.324012756347656,25.57428741455078,14.588300704956055,12.31086540222168,5.52578592300415
ASC195,Paneer curry,asc_manual,Main Meal,Vegetarian,False,bowl,357.1463928222656,15.784013748168945,16.991788864135742,25.058300018310547,2.8308660984039307,12.71828556060791
ASC196,Lotus stem curry (Kamal kakdi curry),asc_manual,Main Meal,Vegetarian,True,bowl,223.2466278076172,3.094012975692749,18.68678855895996,14.670801162719727,6.355865955352783,4.220786094665527
ASC197,Gravy for kofta,asc_manual,Main Meal,Vegetarian,True,bowl,174.87840270996094,2.434575080871582,8.78219985961914,14.41189956665039,2.7254750728607178,5.191550254821777
ASC198,Pea kofta curry (Matar kofta curry),asc_manual,Main Meal,Vegetarian,True,bowl,4649.16357421875,15.691325187683105,32.5281982421875,494.77813720703125,13.302474975585938,6.89454984664917
ASC199,Spinach kofta curry (Palak kofta curry),asc_manual,Main Meal,Vegetarian,True,bowl,4609.4873046875,8.75373649597168,28.73906135559082,495.7291564941406,7.448133945465088,6.600739002227783
ASC200,Paneer kofta curry,asc_manual,Main Meal,Vegetarian,False,bowl,4703.08447265625,16.721324920654297,22.915700912475586,505.16314697265625,2.8124749660491943,13.887049674987793
ASC201,Lotus stem kofta curry (Kamal kakdi kofta curry),asc_manual,Main Meal,Vegetarian,True,bowl,4632.43115234375,6.99873685836792,36.666561126708984,495.4666748046875,7.403134346008301,6.42073917388916
ASC202,Raw banana kofta curry (Kela kofta curry),asc_manual,Main Meal,Vegetarian,True,bowl,4561.330078125,4.520737171173096,24.756061553955078,494.3251647949219,4.297133922576904,16.73573875427246
ASC203,Cauliflower kofta curry (Phoolgobhi kofta curry),asc_manual,Main Meal,Vegetarian,True,bowl,4559.30810546875,7.376236915588379,18.608562469482422,495.14117431640625,7.088634014129639,5.895238876342773
ASC204,Cabbage kofta curry (Pattagobhi kofta curry),asc_manual,Main Meal,Vegetarian,True,bowl,4562.95263671875,6.957736968994141,20.497562408447266,494.94317626953125,6.434134006500244,6.352738857269287
ASC205,Ghiya/Lauki Kofta Curry,asc_manual,Main Meal,Vegetarian,True,bowl,4555.0654296875,6.3352370262146,19.3200626373291,494.9506530761719,5.954133987426758,5.872738838195801
ASC206,Spinach paneer kofta curry (Palak paneer kofta curry),asc_manual,Main Meal,Vegetarian,False,bowl,4620.94189453125,10.880325317382812,22.439699172973633,498.7351379394531,5.6854753494262695,8.852049827575684
ASC207,Vegetarian egg kofta curry,asc_manual,Main Meal,Non-Vegetarian,False,bowl,4649.0771484375,9.836625099182129,31.57379913330078,498.2622985839844,4.72237491607666,8.814200401306152
ASC208,Baked vegetables,asc_manual,Main Meal,Vegetarian,True,bowl,269.18524169921875,11.101499557495117,25.52050018310547,13.421250343322754,7.065500259399414,7.750499725341797
ASC209,Cauliflower musallam (Phoolgobhi musallam),asc_manual,Main Meal,Vegetarian,True,bowl,127.05198669433594,4.086774826049805,9.685315132141113,7.6600775718688965,6.604744911193848,3.687227487564087
ASC210,Baked vegetables with spinach ,asc_manual,Main Meal,Vegetarian,True,bowl,329.47320556640625,13.627531051635742,29.347755432128906,17.05747413635254,9.85042953491211,8.842294692993164
ASC211,Baked potato with skin ,asc_manual,Main Meal,Vegetarian,True,bowl,106.41197967529297,2.685425043106079,8.707425117492676,6.664725303649902,0.9379000067710876,1.299299955368042
ASC212,Shepherd's pie (vegetarian),asc_manual,Dessert,Vegetarian,True,bowl,367.11248779296875,13.643169403076172,32.57231903076172,19.77073860168457,6.032920837402344,7.528405666351318
ASC214,Dum aloo,asc_manual,Main Meal,Vegetarian,True,bowl,4575.56787109375,4.682413101196289,22.333587646484375,496.2740783691406,4.554565906524658,4.749610900878906
ASC215,Spinach paneer (Palak paneer),asc_manual,Main Meal,Vegetarian,False,bowl,229.55364990234375,11.919425010681152,13.089600563049316,14.074700355529785,5.63462495803833,7.536900043487549
ASC216,Methi chaman,asc_manual,Main Meal,Vegetarian,True,bowl,4763.37939453125,15.43809986114502,27.830501556396484,509.8385009765625,5.267950057983398,17.95454978942871
ASC217,Sarson ka saag,asc_manual,Main Meal,Vegetarian,True,bowl,124.26167297363281,4.2508625984191895,7.533762454986572,8.29055118560791,5.224740505218506,1.0669004917144775
ASC218,Jackfruit sabzi (Kathal ki sabzi),asc_manual,Main Meal,Vegetarian,True,bowl,2258.724365234375,2.490156650543213,12.280593872070312,244.13307189941406,3.699457883834839,9.352343559265137
ASC219,Avial,asc_manual,Main Meal,Vegetarian,True,bowl,417.3355712890625,8.245336532592773,28.38780403137207,29.943382263183594,18.2374210357666,12.821155548095703
ASC220,Al yakhani,asc_manual,Main Meal,Vegetarian,True,bowl,342.30316162109375,6.629349708557129,10.778900146484375,30.494298934936523,2.946899890899658,8.26045036315918
ASC221,Shahi paneer,asc_manual,Main Meal,Vegetarian,False,bowl,405.8562927246094,13.132486343383789,17.22256088256836,32.00542068481445,3.636871099472046,13.002215385437012
ASC223,Methi malai paneer,asc_manual,Main Meal,Vegetarian,False,bowl,377.0384216308594,14.195549964904785,15.76039981842041,28.5398006439209,2.8473751544952393,11.604849815368652
ASC224,Chilli paneer,asc_manual,Main Meal,Vegetarian,False,bowl,2308.28271484375,6.240877151489258,9.817962646484375,249.4119110107422,1.486067533493042,4.464842319488525
ASC225,Paneer makhana korma,asc_manual,Main Meal,Vegetarian,False,bowl,4709.2041015625,19.679550170898438,28.11614990234375,502.3401794433594,1.273400068283081,11.175649642944336
ASC226,Kadhai Paneer,asc_manual,Main Meal,Vegetarian,False,bowl,343.5564880371094,13.784425735473633,23.353641510009766,21.65658187866211,6.577260971069336,17.620891571044922
ASC227,Roghan josh,asc_manual,Main Meal,Vegetarian,True,bowl,329.4371032714844,22.55935287475586,11.632859230041504,21.291690826416016,4.900753021240234,6.280397891998291
ASC228,Spinach mutton (Palak mutton),asc_manual,Main Meal,Non-Vegetarian,False,bowl,390.3821105957031,27.909353256225586,16.757858276367188,22.89168930053711,10.850752830505371,6.880397796630859
ASC229,Pea keema curry (Matar keema ki sabzi),asc_manual,Main Meal,Non-Vegetarian,False,bowl,457.30413818359375,28.995527267456055,21.455467224121094,27.9793701171875,10.175858497619629,6.2506632804870605
ASC230,Keema kofta curry,asc_manual,Main Meal,Non-Vegetarian,False,kofta,63.824092864990234,4.037056922912598,2.332512617111206,4.29274320602417,0.6228535175323486,0.8833091259002686
ASC231,Kashmiri mutton koftas (Gushtaba),asc_manual,Main Meal,Non-Vegetarian,False,gushtaba,296.1949157714844,19.258424758911133,9.246049880981445,20.574251174926758,1.898900032043457,6.461100101470947
ASC232,Mutton yakhni,asc_manual,Main Meal,Non-Vegetarian,False,bowl,241.72628784179688,19.204200744628906,1.9560000896453857,17.87619972229004,1.5601500272750854,0.2909500002861023
ASC233,Chicken yakhni,asc_manual,Main Meal,Non-Vegetarian,False,bowl,249.63348388671875,26.876201629638672,1.9560000896453857,15.376200675964355,1.5601500272750854,0.2909500002861023
ASC234,Mutton do piaza,asc_manual,Main Meal,Non-Vegetarian,False,bowl,603.0726318359375,30.88202476501465,13.610000610351562,47.41254806518555,6.338375091552734,9.555999755859375
ASC236,Mutton chops,asc_manual,Main Meal,Non-Vegetarian,False,chop,2320.30908203125,14.08968734741211,5.171394348144531,249.34158325195312,0.6024659872055054,1.4569834470748901
ASC237,Shammi kebab,asc_manual,Snack,Vegetarian,True,kabab,1173.9541015625,7.732704162597656,6.0562825202941895,124.3100814819336,1.7976720333099365,0.5389482378959656
ASC238,Scotch egg,asc_manual,Main Meal,Non-Vegetarian,False,piece,2318.052001953125,13.87364387512207,6.533644199371338,248.70188903808594,1.22530198097229,1.0121170282363892
ASC239,Shepherd's pie (with minced meat),asc_manual,Dessert,Non-Vegetarian,False,dish,267.8844909667969,13.976149559020996,15.1187744140625,16.65792465209961,1.9634500741958618,3.187150001525879
ASC240,Chicken curry,asc_manual,Main Meal,Non-Vegetarian,False,bowl,320.3783874511719,29.24267578125,8.376077651977539,18.765703201293945,3.485995054244995,4.439764976501465
ASC241,Tandoori chicken,asc_manual,Main Meal,Non-Vegetarian,False,chicken,2092.02197265625,234.3299102783203,33.663719177246094,114.30242156982422,7.274159908294678,22.820819854736328
ASC242,Butter chicken,asc_manual,Main Meal,Non-Vegetarian,False,large piece,377.038818359375,30.06371307373047,10.306138038635254,23.94157600402832,3.6435909271240234,6.523510932922363
ASC243,Chicken kebab,asc_manual,Snack,Non-Vegetarian,False,kabab,903.7341918945312,4.59353494644165,1.3796099424362183,97.73991394042969,0.2630550265312195,0.29396000504493713
ASC244,Chilli chicken,asc_manual,Main Meal,Non-Vegetarian,False,bowl,769.130859375,37.02672576904297,11.060751914978027,64.06800842285156,3.841338872909546,3.5989439487457275
ASC246,Fish curry (Machli curry),asc_manual,Main Meal,Non-Vegetarian,False,bowl,282.2315368652344,22.252647399902344,9.584249496459961,16.99419403076172,4.789186954498291,5.11912727355957
ASC247,Fried fish (Indian style) (Tali hui machli),asc_manual,Main Meal,Non-Vegetarian,False,piece,2327.953369140625,15.361087799072266,19.10586166381836,243.49081420898438,2.1454999446868896,1.3964375257492065
ASC248,Fried fish and Chips (English Style) (Tali hui machli aur chips),asc_manual,Snack,Non-Vegetarian,False,fillet,4547.57763671875,23.44635009765625,19.329599380493164,486.2894287109375,1.989799976348877,1.1780999898910522
ASC249,Tomato fish,asc_manual,Main Meal,Non-Vegetarian,False,bowl,4740.806640625,23.176738739013672,30.75392723083496,502.4349670410156,6.927561283111572,13.07140064239502
ASC251,Fish tikka,asc_manual,Main Meal,Non-Vegetarian,False,piece,41.65233612060547,5.679012775421143,1.3870999813079834,1.4729000329971313,0.41813749074935913,0.4192250072956085
ASC252,Tandoori fish,asc_manual,Main Meal,Non-Vegetarian,False,piece,224.2321319580078,26.147062301635742,5.547125339508057,10.845037460327148,1.355162501335144,3.7467875480651855
ASC253,"Paneer, apple and pineapple salad",asc_manual,Main Meal,Vegetarian,False,bowl,245.0693817138672,10.011199951171875,21.517549514770508,13.062225341796875,4.2463250160217285,16.400850296020508
ASC254,Russian salad,asc_manual,Main Meal,Vegetarian,True,bowl,363.4295349121094,13.492199897766113,20.57080078125,24.8031005859375,8.133199691772461,5.246099948883057
ASC255,Pasta salad,asc_manual,Main Meal,Vegetarian,True,bowl,410.70428466796875,8.96084976196289,27.392099380493164,30.026750564575195,2.0614500045776367,5.599499702453613
ASC256,Deviled egg,asc_manual,Main Meal,Non-Vegetarian,False,egg,157.44586181640625,7.934799671173096,3.561500072479248,12.325699806213379,1.839500069618225,1.315999984741211
ASC257,Hawain salad,asc_manual,Main Meal,Vegetarian,True,bowl,682.643798828125,16.630325317382812,55.909549713134766,44.279537200927734,15.324699401855469,20.423099517822266
ASC258,Mixed pulse and vegetable salad,asc_manual,Main Meal,Vegetarian,True,bowl,141.23410034179688,8.047311782836914,23.723312377929688,1.4219740629196167,5.031459331512451,2.3099889755249023
ASC259,Sprouted moong salad ,asc_manual,Main Meal,Vegetarian,True,bowl,77.03394317626953,4.6645002365112305,11.17234992980957,1.5054500102996826,1.9291000366210938,4.348400115966797
ASC260,Tossed salad,asc_manual,Main Meal,Vegetarian,True,bowl,214.68951416015625,3.4937000274658203,16.884300231933594,14.385099411010742,7.325200080871582,5.30810022354126
ASC262,Potato salad (Aloo ka salaad),asc_manual,Main Meal,Vegetarian,True,bowl,212.1830596923828,3.297999858856201,26.405500411987305,10.376800537109375,3.117799997329712,9.296699523925781
ASC263,Waldroff salad,asc_manual,Main Meal,Vegetarian,True,bowl,349.4217224121094,3.6335999965667725,27.162900924682617,24.775800704956055,4.598099708557129,20.288299560546875
ASC264,Coleslaw,asc_manual,Main Meal,Vegetarian,True,bowl,116.98660278320312,1.8884999752044678,8.526000022888184,8.113499641418457,3.565499782562256,5.5269999504089355
ASC265,Fruit salad (Phalon ka salaad),asc_manual,Main Meal,Vegetarian,True,bowl,237.53482055664062,2.779249906539917,48.51974868774414,3.698499917984009,4.79325008392334,29.739500045776367
ASC269,Tomato onion raita (Tamatar aur pyaaz ka raita),asc_manual,Main Meal,Vegetarian,True,bowl,104.83372497558594,6.636936664581299,12.580411911010742,3.273374080657959,1.7320340871810913,10.61863899230957
ASC270,Peanut raita (Mungfali ka raita),asc_manual,Main Meal,Vegetarian,True,bowl,184.48048400878906,10.53793716430664,11.408411979675293,11.015374183654785,2.3185338973999023,8.716639518737793
ASC271,Sprouted moong raita ,asc_manual,Main Meal,Vegetarian,True,bowl,92.9676742553711,7.057936668395996,9.354412078857422,3.33937406539917,0.24253399670124054,8.532639503479004
ASC272,Bottle gourd raita (Ghiya/Lauki ka raita),asc_manual,Main Meal,Vegetarian,True,bowl,85.96467590332031,6.07293701171875,8.794412612915039,3.15437388420105,1.3025339841842651,8.012639045715332
ASC273,Cucumber raita (Kheere ka raita),asc_manual,Dessert,Vegetarian,True,bowl,90.26667785644531,6.162936687469482,9.694412231445312,3.1693739891052246,1.3125340938568115,7.967638969421387
ASC274,Carrot and spinach raita (Gajar aur palak ka raita),asc_manual,Main Meal,Vegetarian,True,bowl,100.96192169189453,7.115437030792236,10.366911888122559,3.52687406539917,2.477534055709839,8.760139465332031
ASC275,Mint raita (Pudinay ka raita),asc_manual,Main Meal,Vegetarian,True,bowl,81.20857238769531,5.901136875152588,8.002212524414062,3.1023740768432617,0.36033397912979126,7.8342390060424805
ASC276,Potato raita (Aloo ka raita),asc_manual,Main Meal,Vegetarian,True,bowl,118.85107421875,6.654936790466309,16.143911361694336,3.215873956680298,1.183034062385559,8.008639335632324
ASC277,Boondi raita,asc_manual,Main Meal,Vegetarian,True,bowl,2261.736328125,7.214775085449219,13.031549453735352,242.798095703125,1.512374997138977,6.176949977874756
ASC278,Sweet raita (Meetha raita),asc_manual,Dessert,Vegetarian,True,bowl,190.54660034179688,6.21999979019165,34.428001403808594,3.4159998893737793,1.9579999446868896,29.49100112915039
ASC279,Dahi vadas/Dahi bhalla,asc_manual,Snack,Vegetarian,False,vada,1150.15869140625,5.099612712860107,9.450050354003906,121.26905059814453,1.6629875898361206,3.057950019836426
ASC280,Gunjia,asc_manual,Main Meal,Vegetarian,True,gunjia,1166.179443359375,5.2111124992370605,9.920974731445312,122.8083724975586,1.9830374717712402,3.580775022506714
ASC282,Rice kheer (Chawal ki kheer),asc_manual,Dessert,Vegetarian,True,bowl,300.9369201660156,9.214400291442871,40.30789566040039,11.922338485717773,0.6932660341262817,32.160804748535156
ASC283,Makhana kheer,asc_manual,Dessert,Vegetarian,True,bowl,299.9400329589844,9.205400466918945,35.81689453125,13.917839050292969,0.31926602125167847,32.09380340576172
ASC285,Vermicelli kheer (Semiya/Seviyan ki kheer),asc_manual,Dessert,Vegetarian,True,bowl,279.0769348144531,7.797275066375732,36.89677047729492,11.614727020263672,1.151710033416748,29.730684280395508
ASC286,Semolina kheer (Suji/Rava kheer),asc_manual,Dessert,Vegetarian,True,bowl,260.8716125488281,7.896275043487549,36.59777069091797,9.687726974487305,1.1687099933624268,29.681684494018555
ASC287,Paneer kheer,asc_manual,Dessert,Vegetarian,False,bowl,304.78497314453125,13.10327434539795,29.027273178100586,15.548727035522461,0.196710005402565,28.55418586730957
ASC288,Cabbage kheer (Pattagobhi ki kheer),asc_manual,Dessert,Vegetarian,True,bowl,212.47122192382812,7.30227518081665,24.754772186279297,9.661726951599121,1.3007099628448486,23.61668586730957
ASC289,Carrot kheer (Gajar ki kheer),asc_manual,Dessert,Vegetarian,True,bowl,217.15562438964844,7.138275146484375,25.674772262573242,9.801727294921875,1.8687100410461426,24.508686065673828
ASC290,Cauliflower kheer (Phoolgobhi ki kheer),asc_manual,Dessert,Vegetarian,True,bowl,249.49234008789062,9.248274803161621,26.736772537231445,12.0297269821167,1.680709958076477,25.849685668945312
ASC291,Moong dal kheer,asc_manual,Dessert,Vegetarian,True,bowl,312.8182678222656,11.970274925231934,40.11327362060547,12.05622673034668,1.6022100448608398,32.104183197021484
ASC292,Phirni,asc_manual,Main Meal,Vegetarian,True,bowl,336.99578857421875,10.120701789855957,46.749488830566406,12.608477592468262,1.03793203830719,31.30850601196289
ASC293,Semolina halwa (Suji ka halwa),asc_manual,Dessert,Vegetarian,True,bowl,360.1789855957031,3.454904079437256,39.3724479675293,21.36020851135254,2.962924003601074,22.308271408081055
ASC294,Shahi suji halwa,asc_manual,Dessert,Vegetarian,True,bowl,375.843994140625,3.4209799766540527,43.681419372558594,21.35572052001953,2.911180019378662,26.746339797973633
ASC295,Carrot halwa (Gajar ka halwa),asc_manual,Dessert,Vegetarian,True,bowl,289.7090148925781,5.223051071166992,31.100034713745117,16.33171844482422,4.452245712280273,28.281627655029297
ASC296,Egg halwa (Ande ka halwa),asc_manual,Dessert,Non-Vegetarian,False,bowl,289.2530822753906,7.5794997215271,38.203800201416016,12.943999290466309,0.47049999237060547,36.529903411865234
ASC297,Potato halwa (Aloo ka halwa),asc_manual,Dessert,Vegetarian,True,bowl,239.68954467773438,2.412126064300537,46.10981369018555,5.507465839385986,2.5946760177612305,27.532838821411133
ASC298,Pumpkin halwa (Kaddu ka halwa),asc_manual,Dessert,Vegetarian,True,bowl,295.00042724609375,2.0561258792877197,42.798316955566406,13.657966613769531,4.605175971984863,41.29583740234375
ASC299,Moong dal halwa,asc_manual,Dessert,Vegetarian,True,bowl,333.6771240234375,7.9657301902771,38.37139129638672,16.86427116394043,2.5256400108337402,24.410120010375977
ASC300,Caramel custard (steamed),asc_manual,Beverage,Vegetarian,True,bowl,282.06048583984375,11.530599594116211,34.83599853515625,11.295599937438965,0.0,34.7609977722168
ASC301,Baked custard,asc_manual,Dessert,Vegetarian,True,bowl,226.90049743652344,11.530599594116211,20.13599967956543,11.295599937438965,0.0,20.06100082397461
ASC302,Soft Custard (stirred),asc_manual,Dessert,Vegetarian,True,bowl,272.40899658203125,12.508600234985352,27.917999267578125,12.639599800109863,0.0,27.827999114990234
ASC304,Chocolate ice cream,asc_manual,Dessert,Vegetarian,False,ice-cream cup,659.281005859375,16.579599380493164,57.16699981689453,41.722599029541016,0.0,56.87200164794922
ASC305,Mango ice cream,asc_manual,Dessert,Vegetarian,False,ice-cream cup,573.1279907226562,15.515599250793457,50.7760009765625,34.73809814453125,2.3499999046325684,50.20100021362305
ASC307,Fruit Ice cream (Phalon ka Ice cream),asc_manual,Dessert,Vegetarian,False,ice-cream cup,550.8175048828125,14.048999786376953,51.564998626708984,33.34749984741211,1.065000057220459,45.070499420166016
ASC308,Caramel ice cream,asc_manual,Dessert,Vegetarian,False,ice-cream cup,471.0275573730469,11.708757400512695,40.190704345703125,30.27254295349121,0.22836999595165253,39.4230842590332
ASC309,Lemon souffle,asc_manual,Main Meal,Vegetarian,True,souffle cup,399.3580017089844,16.465299606323242,31.833999633789062,23.74530029296875,0.0,27.665000915527344
ASC310,Orange souffle,asc_manual,Main Meal,Vegetarian,True,souffle cup,410.61370849609375,16.587499618530273,34.64699935913086,23.730249404907227,0.5482500195503235,30.02750015258789
ASC311,Vanilla souffle,asc_manual,Main Meal,Vegetarian,True,souffle cup,408.5822448730469,16.779600143432617,32.14799880981445,24.347599029541016,0.0,27.971500396728516
ASC312,Chocolate souffle,asc_manual,Main Meal,Vegetarian,True,souffle cup,416.50225830078125,17.334299087524414,32.43000030517578,24.99829864501953,0.0,27.90850067138672
ASC313,Pineapple souffle ,asc_manual,Main Meal,Vegetarian,True,souffle cup,396.2080078125,16.290300369262695,31.3439998626709,23.6752986907959,0.0,27.17500114440918
ASC314,Apple mousse,asc_manual,Main Meal,Vegetarian,True,bowl,390.2757568359375,15.359999656677246,46.592498779296875,15.600000381469727,5.827499866485596,38.537498474121094
ASC315,Rich chocolate mousse,asc_manual,Main Meal,Vegetarian,True,cup,396.2879943847656,16.754600524902344,22.812000274658203,25.649600982666016,0.0,21.676000595092773
ASC316,Mango mousse,asc_manual,Main Meal,Vegetarian,True,cup,348.6821594238281,8.948200225830078,25.50080108642578,23.620500564575195,2.4677999019622803,24.810100555419922
ASC317,Orange and pineapple cream,asc_manual,Main Meal,Vegetarian,False,bowl,90.17945098876953,1.2798750400543213,10.65625,4.838250160217285,0.9192500114440918,10.133999824523926
ASC318,Charlotte rousse,asc_manual,Main Meal,Vegetarian,True,bowl,476.3647155761719,10.005925178527832,86.22412109375,12.095049858093262,2.553499937057495,51.804752349853516
ASC319,Triffle pudding,asc_manual,Dessert,Vegetarian,True,bowl,341.83624267578125,8.572799682617188,53.29724884033203,11.49905014038086,0.3449999988079071,40.59025192260742
ASC320,Snow flakes pudding,asc_manual,Dessert,Vegetarian,True,bowl,302.7829895019531,14.865099906921387,25.66950035095215,15.798599243164062,0.10599999874830246,25.487001419067383
ASC321,Kulfi,asc_manual,Dessert,Vegetarian,True,kulfi,265.86968994140625,8.667101860046387,30.5307674407959,12.685937881469727,0.33249202370643616,28.056106567382812
ASC322,Steamed orange pudding,asc_manual,Beverage,Vegetarian,True,large slice,298.7744140625,2.518238067626953,44.62324905395508,12.932902336120605,0.6284999847412109,28.513500213623047
ASC323,Meringue and rice pudding,asc_manual,Dessert,Vegetarian,True,bowl,252.95620727539062,10.833799362182617,32.7140007019043,9.072699546813965,0.37400001287460327,24.357999801635742
ASC324,Cheese pudding,asc_manual,Dessert,Vegetarian,False,large slice,343.5853271484375,13.611390113830566,23.234630584716797,22.14739990234375,0.05982999876141548,22.460704803466797
ASC325,Chocolate pudding,asc_manual,Dessert,Vegetarian,True,large slice,351.1969909667969,5.877599716186523,49.026123046875,15.703224182128906,0.8700000047683716,34.26675033569336
ASC326,Bread and butter pudding ,asc_manual,Dessert,Vegetarian,False,plate,206.84767150878906,6.881333351135254,24.17490005493164,9.701200485229492,1.2013167142868042,14.58513355255127
ASC327,Queen of pudding,asc_manual,Dessert,Vegetarian,True,large slice,432.9861145019531,17.941099166870117,53.25849914550781,17.52389907836914,0.8700000047683716,38.34149932861328
ASC328,Pineapple upside down pudding,asc_manual,Dessert,Vegetarian,True,large slice,344.39642333984375,4.205749988555908,47.746498107910156,15.918999671936035,1.0709999799728394,29.615875244140625
ASC329,Date and nut pie,asc_manual,Dessert,Vegetarian,True,bowl,728.6600952148438,8.87600040435791,105.91200256347656,30.089000701904297,9.343999862670898,70.47100067138672
ASC330,Stewed apple with custard,asc_manual,Dessert,Vegetarian,True,piece,263.29400634765625,3.5999999046325684,52.04999923706055,5.160999774932861,2.8554999828338623,43.830997467041016
ASC331,Apple snowballs,asc_manual,Main Meal,Vegetarian,True,piece,263.42156982421875,2.2253000736236572,63.78750228881836,0.810200035572052,3.237499952316284,50.352500915527344
ASC332,Hot orange souffle,asc_manual,Main Meal,Vegetarian,True,bowl,219.55758666992188,8.380599975585938,22.897199630737305,10.916099548339844,0.35909998416900635,18.209400177001953
ASC333,Hot chocolate souffle,asc_manual,Main Meal,Vegetarian,True,bowl,321.0492248535156,9.514599800109863,37.22019958496094,15.768599510192871,0.1656000018119812,32.493900299072266
ASC334,Hot vanilla souffle,asc_manual,Main Meal,Vegetarian,True,bowl,245.98922729492188,8.764900207519531,27.75819969177246,11.568900108337402,0.1656000018119812,23.166900634765625
ASC335,Plain burfi (Burfi),asc_manual,Dessert,Vegetarian,True,burfi,177.8455047607422,4.275425434112549,13.451622009277344,12.179619789123535,0.07248300313949585,13.252126693725586
ASC336,Coconut burfi (Nariyal ki burfi),asc_manual,Dessert,Vegetarian,True,burfi,265.38311767578125,5.000500202178955,18.24625015258789,19.65049934387207,1.9850000143051147,17.876249313354492
ASC337,Bottle gourd burfi (Ghiya/Lauki burfi),asc_manual,Dessert,Vegetarian,True,burfi,199.0330047607422,4.225250244140625,17.677499771118164,12.751500129699707,0.5299999713897705,17.25
ASC338,Chocolate burfi,asc_manual,Dessert,Vegetarian,True,burfi,110.2820053100586,4.224249839782715,10.77500057220459,5.805750370025635,0.0,10.522500038146973
ASC339,Cashewnut burfi (Kaju burfi/Kaju katli),asc_manual,Dessert,Vegetarian,True,burfi,120.9001693725586,1.5695000886917114,10.871665954589844,8.158666610717773,0.3216666579246521,9.009166717529297
ASC340,Gram flour burfi (Besan burfi),asc_manual,Dessert,Vegetarian,True,burfi,161.59947204589844,4.288687705993652,17.848424911499023,8.584124565124512,1.3058125972747803,10.895275115966797
ASC341,Semolina ladoo with khoya (Suji/Rava aur khoye ke ladoo ),asc_manual,Dessert,Vegetarian,False,ladoo,126.11656188964844,1.974975824356079,15.549185752868652,6.4305572509765625,1.3763166666030884,9.789763450622559
ASC342,Semolina ladoo with coconut (Suji/Rava aur nariyal ke ladoo ),asc_manual,Dessert,Vegetarian,True,ladoo,168.9363250732422,2.0643749237060547,18.516450881958008,9.832250595092773,2.434875011444092,9.936100006103516
ASC343,Gram flour ladoo (Besan ladoo),asc_manual,Dessert,Vegetarian,True,ladoo,168.110595703125,3.149200201034546,22.069475173950195,8.023037910461426,1.5611000061035156,13.310637474060059
ASC344,Sesame ladoo (Til ke ladoo),asc_manual,Dessert,Vegetarian,True,ladoo,109.16325378417969,2.9437501430511475,11.96250057220459,5.401249885559082,2.1237499713897705,10.623749732971191
ASC345,Chenna murki,asc_manual,Main Meal,Vegetarian,True,bowl,227.7392578125,9.430000305175781,32.45500183105469,7.389999866485596,0.0,32.03499984741211
ASC346,Milk cake,asc_manual,Dessert,Vegetarian,False,slice,365.9800109863281,8.653749465942383,26.22249984741211,25.64349937438965,0.17749999463558197,25.561750411987305
ASC347,Ghujia/Lavang latika,asc_manual,Main Meal,Vegetarian,True,gunjia,818.7062377929688,1.9838767051696777,13.845870018005371,84.03435516357422,0.5524266958236694,6.476029872894287
ASC349,Mal pua,asc_manual,Main Meal,Vegetarian,True,malqura,847.938720703125,2.5523133277893066,26.277902603149414,81.75312042236328,0.9239133596420288,17.61310577392578
ASC350,Shahi tukre,asc_manual,Main Meal,Vegetarian,True,tukra,193.42591857910156,2.816025495529175,42.249691009521484,2.5861096382141113,0.5181230306625366,35.361026763916016
ASC351,Potato pakora/pakoda (Aloo pakoda),asc_manual,Snack,Vegetarian,True,plate,4567.64794921875,12.841300010681152,40.763099670410156,484.5469970703125,6.9170002937316895,1.4600000381469727
ASC352,Onion pakora/pakoda (Pyaaz ke pakode),asc_manual,Snack,Vegetarian,True,plate,4550.2490234375,12.809300422668457,36.49909973144531,484.55499267578125,7.509000301361084,5.9079999923706055
ASC353,Cauliflower pakora/pakoda (Phoolgobhi ke pakode),asc_manual,Snack,Vegetarian,True,plate,4530.1728515625,13.329300880432129,30.475099563598633,484.7149963378906,8.517000198364258,1.5799999237060547
ASC354,Mixed vegetable pakora/pakoda,asc_manual,Snack,Vegetarian,True,plate,4544.84765625,13.075300216674805,34.557098388671875,484.6730041503906,7.598999977111816,2.5859999656677246
ASC355,Spinach pakora/pakoda (Palak pakoda),asc_manual,Snack,Vegetarian,True,plate,4521.56884765625,12.465300559997559,29.671100616455078,484.6189880371094,6.50100040435791,1.2999999523162842
ASC356,Methi pakora/pakoda (Methi ke pakode),asc_manual,Snack,Vegetarian,True,plate,4525.583984375,13.081300735473633,29.719099044799805,484.6949768066406,7.509000301361084,1.555999994277954
ASC357,Egg pakora/pakoda (Ande ke pakode),asc_manual,Snack,Non-Vegetarian,False,plate,4579.2158203125,18.249300003051758,28.85110092163086,488.93798828125,5.549000263214111,1.2039999961853027
ASC358,Bread pakora/pakoda,asc_manual,Snack,Vegetarian,True,plate,4653.41748046875,16.829299926757812,58.07109832763672,485.62298583984375,7.289000034332275,3.003999948501587
ASC359,Paneer pakora/pakoda,asc_manual,Snack,Vegetarian,False,plate,4644.453125,21.151050567626953,35.73210144042969,491.8642272949219,5.736000061035156,7.006999969482422
ASC360,Potato bonda (Aloo bonda),asc_manual,Main Meal,Vegetarian,True,bonda,1134.087890625,1.9509719610214233,8.125822067260742,121.50048828125,1.488010287284851,0.48434650897979736
ASC361,Potato samosa (Aloo ka samosa),asc_manual,Snack,Vegetarian,True,samosa,813.7577514648438,2.4125592708587646,12.974313735961914,83.4227066040039,1.6794413328170776,0.40547215938568115
ASC362,Minced meat samosa (Keema ka samosa),asc_manual,Snack,Non-Vegetarian,False,samosa,837.5064697265625,5.9682698249816895,8.277936935424805,86.6668701171875,0.5226816534996033,0.6768983602523804
ASC363,Paneer and pea samosa (Paneer matar ka samosa),asc_manual,Snack,Vegetarian,False,samosa,841.3067016601562,5.418603420257568,11.529603004455566,85.83753967285156,1.3718483448028564,2.2768983840942383
ASC364,Mathri,asc_manual,Snack,Vegetarian,True,kachori,702.1825561523438,1.52592134475708,10.747499465942383,72.47254180908203,0.523028552532196,0.2566285729408264
ASC365,Khasta kachori,asc_manual,Main Meal,Vegetarian,True,kachori,717.5651245117188,2.5258214473724365,12.898263931274414,72.76438903808594,0.9806285500526428,0.3386499881744385
ASC366,Vegetable cutlet,asc_manual,Snack,Vegetarian,True,cutlet,2247.572265625,4.210731029510498,15.822993278503418,240.90707397460938,3.1471264362335205,1.1734189987182617
ASC367,Flattened rice cutlet (Chirwa cutlet/Chivda cutlet/Poha cutlet),asc_manual,Breakfast,Vegetarian,True,cutlet,2325.0146484375,5.81765604019165,24.499731063842773,244.8143768310547,2.8384294509887695,0.888294517993927
ASC368,Peanut cutlet (Mungfali ke cutlet),asc_manual,Snack,Vegetarian,True,cutlet,2367.666259765625,8.901656150817871,19.2302303314209,250.74537658691406,4.093929767608643,1.7252944707870483
ASC369,Fish cutlet (Machli ka cutlet),asc_manual,Snack,Non-Vegetarian,False,cutlet,2284.43212890625,9.659943580627441,10.921330451965332,244.6424560546875,1.877166986465454,1.0001444816589355
ASC370,Paneer potato cutlet (Paneer aloo cutlet),asc_manual,Snack,Vegetarian,False,cutlet,2309.88134765625,8.479249954223633,17.94700050354004,245.0917510986328,1.412500023841858,3.505499839782715
ASC371,Spinach chickpeas cutlet (Palak channa dal cutlet),asc_manual,Snack,Vegetarian,True,cutlet,2255.59716796875,4.723956108093262,16.16918182373047,241.2843780517578,3.0473294258117676,0.5265944600105286
ASC372,Cheese toast,asc_manual,Main Meal,Vegetarian,False,toast,1138.7821044921875,2.8768248558044434,7.953512191772461,121.95820617675781,0.4557250142097473,0.7626999616622925
ASC375,Vegetable burger,asc_manual,Main Meal,Vegetarian,True,burger,2678.94482421875,16.81162452697754,70.52774810791016,260.87786865234375,8.746749877929688,9.677499771118164
ASC376,Cheese pizza,asc_manual,Main Meal,Vegetarian,False,piece,327.0972900390625,7.592350482940674,40.15011215209961,16.30238914489746,2.5507190227508545,4.477861404418945
ASC377,Vegetable seekh kebab,asc_manual,Snack,Vegetarian,True,kabab,1136.381103515625,2.5879595279693604,8.757484436035156,121.28478240966797,0.9646352529525757,1.2198777198791504
ASC379,Peanut sago vada (Sabudana mungfali vada),asc_manual,Snack,Vegetarian,True,vada,2291.538330078125,3.10015606880188,21.816980361938477,243.92575073242188,1.902679443359375,0.5872945189476013
ASC380,Vegeterian scotch egg,asc_manual,Main Meal,Non-Vegetarian,False,piece,2277.34228515625,7.226330757141113,15.508305549621582,243.12437438964844,1.9283294677734375,0.7792195081710815
ASC381,Paneer shaslik/tikka,asc_manual,Main Meal,Vegetarian,False,plate,411.68988037109375,22.428312301635742,35.00786209106445,19.70902442932129,5.406858921051025,20.212589263916016
ASC382,Peanut brittle (Moongfali ki chikki),asc_manual,Main Meal,Vegetarian,True,piece,78.91400146484375,1.709625005722046,11.688125610351562,2.740875005722046,0.6487500071525574,10.81624984741211
ASC383,Spring roll,asc_manual,Snack,Vegetarian,True,spring roll,587.3851318359375,1.6997641324996948,8.057872772216797,60.85257339477539,0.6293502449989319,0.5630066394805908
ASC395,Custard tart,asc_manual,Dessert,Vegetarian,True,tart,161.72650146484375,2.6689999103546143,20.545000076293945,7.688499927520752,0.6539999842643738,6.671000003814697
ASC396,Lemon tart,asc_manual,Dessert,Vegetarian,True,tart,165.1375732421875,3.330125093460083,16.7033748626709,9.498499870300293,0.4404999911785126,5.811500072479248
ASC398,Orange cream tart,asc_manual,Dessert,Vegetarian,False,tart,142.3243408203125,1.8607499599456787,19.804500579833984,6.2961249351501465,0.4623750150203705,7.277249813079834
ASC399,Pineapple tart,asc_manual,Dessert,Vegetarian,True,tart,150.82769775390625,1.7660000324249268,22.09025001525879,6.340749740600586,0.6735000014305115,8.562000274658203
ASC400,Cheese and mushroom tart,asc_manual,Dessert,Vegetarian,False,tart,165.49984741210938,3.7044625282287598,14.409462928771973,10.279112815856934,0.791700005531311,2.124774932861328
ASC401,Cottage cheese pie,asc_manual,Dessert,Vegetarian,False,pie,813.32763671875,25.34856605529785,70.31523132324219,47.05796432495117,7.507200241088867,12.321066856384277
ASC402,Minced meat pie,asc_manual,Dessert,Non-Vegetarian,False,pie,783.9280395507812,26.1065673828125,64.09590148925781,46.137298583984375,8.22920036315918,5.017733573913574
ASC403,Apple cinnamon pie,asc_manual,Dessert,Vegetarian,True,slice,458.28326416015625,5.936249732971191,59.652748107910156,21.61893653869629,3.131500005722046,21.169750213623047
ASC404,Lemon meringue pie,asc_manual,Dessert,Vegetarian,True,slice,352.0685119628906,6.081249713897705,55.073997497558594,12.795624732971191,0.6899999976158142,33.21049880981445
ASC405,Chocolate meringue pie,asc_manual,Dessert,Vegetarian,True,slice,395.69036865234375,9.174799919128418,53.064998626708984,16.903799057006836,0.6899999976158142,27.695749282836914
ASC407,Cream puffs,asc_manual,Snack,Vegetarian,False,puff,160.185302734375,3.4010000228881836,11.583499908447266,11.204750061035156,0.2759999930858612,4.296999931335449
ASC408,Chocolate eclairs,asc_manual,Main Meal,Vegetarian,True,éclair,405.2106018066406,7.171999931335449,44.37699890136719,22.8435001373291,0.5519999861717224,29.354000091552734
ASC409,Cheese balls,asc_manual,Main Meal,Vegetarian,False,piece,402.9500732421875,1.3077166080474854,2.844716787338257,42.92055892944336,0.10581666231155396,0.37234166264533997
ASC411,Minced meat patties,asc_manual,Main Meal,Non-Vegetarian,False,patty,344.9963073730469,8.929205894470215,19.80548095703125,25.41056251525879,0.9964795112609863,1.1371444463729858
ASC412,Cheese patties,asc_manual,Main Meal,Vegetarian,False,patty,336.83984375,7.6733808517456055,23.114229202270508,23.56623649597168,1.2924795150756836,4.087894439697266
ASC413,Hot cheese souffle,asc_manual,Main Meal,Vegetarian,False,bowl,525.5345458984375,27.249300003051758,16.041549682617188,39.26084899902344,0.3589000105857849,8.643799781799316
ASC414,Hot potato souffle,asc_manual,Main Meal,Vegetarian,True,bowl,460.7801208496094,20.19729995727539,31.409549713134766,28.036849975585938,2.410900115966797,6.5278000831604
ASC415,Hot fish souffle,asc_manual,Main Meal,Non-Vegetarian,False,bowl,524.1629638671875,41.17329788208008,13.541549682617188,33.904850006103516,0.3589000105857849,6.143800258636475
ASC416,Hot spinach souffle,asc_manual,Main Meal,Vegetarian,True,bowl,413.6015319824219,21.55929946899414,16.61655044555664,28.720849990844727,3.9289000034332275,6.503799915313721
ASC417,Plain cream cake,asc_manual,Dessert,Vegetarian,False,piece,188.47291564941406,3.29182505607605,25.125625610351562,8.608824729919434,0.37950000166893005,14.77025032043457
ASC418,Apple cake (Seb ka cake),asc_manual,Dessert,Vegetarian,True,piece,197.25193786621094,3.3576500415802,26.848587036132812,8.750237464904785,0.8277624845504761,15.994475364685059
ASC419,Marble cake,asc_manual,Dessert,Vegetarian,True,piece,189.77822875976562,3.376199960708618,25.124061584472656,8.717325210571289,0.37950000166893005,14.77025032043457
ASC420,Chocolate cake,asc_manual,Dessert,Vegetarian,True,piece,197.589599609375,3.5364999771118164,26.574499130249023,8.939499855041504,0.37950000166893005,16.235374450683594
ASC421,Orange cake,asc_manual,Dessert,Vegetarian,True,piece,186.1799774169922,3.1757500171661377,25.13399887084961,8.441750526428223,0.4325000047683716,14.773625373840332
ASC422,Fruit Loaf ,asc_manual,Main Meal,Vegetarian,True,slice,181.1439208984375,2.997274875640869,25.97736167907715,7.439212322235107,0.4870249927043915,13.713037490844727
ASC423,Banana cake (Kele ka cake),asc_manual,Dessert,Vegetarian,True,slice,258.2967834472656,3.82784366607666,26.52240562438965,15.460249900817871,0.7590937614440918,15.281312942504883
ASC424,Chocolate chiffon cake,asc_manual,Dessert,Vegetarian,True,slice,227.06072998046875,4.199031352996826,27.585092544555664,11.50860595703125,0.5134375095367432,17.665218353271484
ASC425,Christmas cake,asc_manual,Dessert,Vegetarian,True,slice,388.569580078125,5.722885608673096,50.31758117675781,17.591053009033203,1.5502315759658813,28.59766960144043
ASC427,Eggless cake,asc_manual,Dessert,Vegetarian,True,slice,193.93026733398438,4.950325012207031,28.13249969482422,7.164074897766113,0.414000004529953,16.891124725341797
ASC429,Swiss roll,asc_manual,Snack,Vegetarian,True,swiss roll,159.30999755859375,4.615149974822998,30.574748992919922,2.3826498985290527,0.3449999988079071,20.844249725341797
ASC430,Pineapple pastry ,asc_manual,Dessert,Vegetarian,True,pastry,189.99024963378906,5.52839994430542,26.499000549316406,7.185150146484375,0.6574999690055847,17.186250686645508
ASC431,Black forest pastry,asc_manual,Dessert,Vegetarian,True,pastry,217.78125,5.6768999099731445,32.14950180053711,7.892149925231934,0.5040000081062317,19.911251068115234
ASC432,Coconut finger,asc_manual,Main Meal,Vegetarian,True,finger,196.52182006835938,5.069524765014648,30.428375244140625,6.336400032043457,1.337499976158142,20.413375854492188
ASC433,Pineapple cake ,asc_manual,Dessert,Vegetarian,True,slice,1003.2820434570312,25.718599319458008,120.60099792480469,47.934600830078125,3.879999876022339,82.88899993896484
ASC450,Ginger bread man,asc_manual,Main Meal,Vegetarian,True,biscuit,108.45056915283203,1.963844895362854,17.903329849243164,3.2701687812805176,0.474824994802475,8.652168273925781
ASC454,Melting moments,asc_manual,Main Meal,Vegetarian,True,biscuit,72.86344146728516,0.9506222605705261,9.290389060974121,3.623816728591919,0.31333333253860474,4.158999919891357
ASC456,Soyabean muthias,asc_manual,Main Meal,Vegetarian,True,muthia,1126.439208984375,3.2970845699310303,4.968534469604492,121.3894271850586,1.9727102518081665,0.22357775270938873
ASC457,Soyabean tikki,asc_manual,Main Meal,Vegetarian,True,tikki,1156.3433837890625,5.854374885559082,7.264999866485596,122.59162139892578,3.6510000228881836,0.5789999961853027
ASC458,Soyabean namak paras,asc_manual,Main Meal,Vegetarian,True,plate,2294.245849609375,7.253762722015381,12.724024772644043,245.78399658203125,3.868000030517578,0.5985000133514404
ASC459,Peanut burfi (Moongfali ki burfi),asc_manual,Dessert,Vegetarian,True,burfi,116.62700653076172,1.9708333015441895,10.189167022705078,7.798000335693359,0.8650000095367432,9.118332862854004
ASC460,Spinach peanut namak paras (Palak moongfali namak paras),asc_manual,Main Meal,Vegetarian,True,plate,2339.84619140625,5.229762554168701,20.916025161743164,248.1929931640625,2.557499885559082,0.8869999647140503
ASC461,Gram flour and semolina chilla/cheela/savory pancake (Besan suji chilla/cheela),asc_manual,Dessert,Vegetarian,True,cheela,1142.13671875,3.124875068664551,11.486749649047852,120.45687103271484,2.0954999923706055,0.3765000104904175
ASC462,Rice moong dal cheela (Chawal aur moong dal ka cheela),asc_manual,Breakfast,Vegetarian,True,cheela,1163.4658203125,3.994999885559082,16.21875,120.15324401855469,1.7257499694824219,0.22049999237060547
ASC463,Split bengal gram sweet rice (Channa dal sweet rice),asc_manual,Dessert,Vegetarian,True,plate,418.465087890625,9.140000343322754,90.35900115966797,1.4170000553131104,4.900000095367432,42.70100021362305
ASC464,Sweet poori (Meethi poori),asc_manual,Dessert,Vegetarian,True,poori,1193.687255859375,3.2300000190734863,21.750749588012695,121.4375,2.34975004196167,10.896749496459961
ASC465,Wheat flour and moong dal burfi (Atta aur moong dal ki burfi),asc_manual,Dessert,Vegetarian,True,piece,115.78395080566406,2.58174991607666,15.74899959564209,4.833000183105469,1.5799999237060547,8.168000221252441
ASC466,Spinach burfi (Palak burfi),asc_manual,Dessert,Vegetarian,True,piece,105.57148742675781,2.358875036239624,11.117449760437012,5.9367499351501465,1.020875096321106,10.558599472045898
ASC467,Sweet split chickpea roti (Sweet channa dal roti/Puranpoli),asc_manual,Dessert,Vegetarian,True,roti,195.66580200195312,5.078374862670898,33.44499969482422,4.231500148773193,4.355000019073486,13.201000213623047
ASC468,Sprouted moong daliya ,asc_manual,Main Meal,Vegetarian,True,plate,352.53985595703125,8.864100456237793,46.68120193481445,14.88290023803711,9.868499755859375,5.268800258636475
ASC469,Sprouted moong poha ,asc_manual,Breakfast,Vegetarian,True,plate,368.5081481933594,10.700037956237793,50.903038024902344,13.174776077270508,5.9940409660339355,3.684211015701294
ASC470,Pearl millet ladoo (Bajra ladoo),asc_manual,Dessert,Vegetarian,True,ladoo,151.83670043945312,4.566500186920166,24.21674919128418,3.828000068664551,2.8485000133514404,13.034500122070312
ASC471,Paushtik ladoo,asc_manual,Dessert,Vegetarian,True,ladoo,170.0553436279297,2.6781251430511475,21.117374420166016,8.743875503540039,1.6007499694824219,13.341750144958496
ASC472,Paushtik roti,asc_manual,Main Meal,Vegetarian,True,roti,64.09514617919922,3.078195810317993,11.420379638671875,0.64765864610672,2.46311354637146,0.8707703948020935
ASC473,Semolina carrot vada (Suji gajar vada),asc_manual,Snack,Vegetarian,True,vada,1138.483154296875,2.538749933242798,10.612500190734863,120.55624389648438,1.7374999523162842,1.975000023841858
ASC474,Dhokla,asc_manual,Breakfast,Vegetarian,True,piece,86.50218200683594,5.373383045196533,12.260692596435547,2.111091375350952,1.9764785766601562,1.910498023033142
BFP007,Kashmiri tea (Kehwa),bfp_manual,Beverage,Vegetarian,True,tea cup,63.92770767211914,0.4470199942588806,13.430680274963379,1.299780011177063,0.40282002091407776,13.195460319519043
BFP008,Steeped hot coffee,bfp_manual,Beverage,Vegetarian,True,tea cup,32.13425064086914,0.781000018119812,6.080999851226807,0.671999990940094,0.0,5.983500003814697
BFP011,Hot chocolate,bfp_manual,Main Meal,Vegetarian,True,tea cup,171.46099853515625,6.5329999923706055,17.179500579833984,8.784000396728516,0.0,16.885000228881836
BFP013,Cold coffee (with cream),bfp_manual,Beverage,Vegetarian,False,tall glass,207.32400512695312,4.84499979019165,30.01799964904785,8.241000175476074,0.0,29.822999954223633
BFP015,Banana milkshake with ice cream (Kele ka milkshake ice cream ke saath),bfp_manual,Beverage,Vegetarian,False,tall glass,259.9237976074219,6.8480000495910645,37.922000885009766,9.42199993133545,0.9139999747276306,33.8120002746582
BFP019,Flavoured milkshake,bfp_manual,Beverage,Vegetarian,True,tall glass,190.31100463867188,5.868000030517578,24.642000198364258,8.064000129699707,0.0,24.552000045776367
BFP024,Jal jeera,bfp_manual,Main Meal,Vegetarian,True,juice glass,42.34368133544922,0.6131079792976379,9.381795883178711,0.36380600929260254,1.3336101770401,7.997781753540039
BFP026,Gingo,bfp_manual,Main Meal,Vegetarian,True,tall glass,139.73199462890625,0.39660000801086426,36.13814926147461,0.17274999618530273,0.48739999532699585,35.15105056762695
BFP027,Mintade,bfp_manual,Main Meal,Vegetarian,True,glass,229.83616638183594,0.19050000607967377,60.39025115966797,0.13374999165534973,0.1472499966621399,59.675498962402344
BFP029,Canjee,bfp_manual,Main Meal,Vegetarian,True,glass,11.260883331298828,0.4155833423137665,0.7425000071525574,0.7209166884422302,0.6123332977294922,0.3596666753292084
BFP030,Cauliflower canjee (Phoolgobhi ki canjee),bfp_manual,Main Meal,Vegetarian,True,glass,12.316466331481934,0.6947500109672546,0.6183333396911621,0.7550833225250244,0.8823333382606506,0.16883334517478943
BFP031,Potato canjee (Aloo canjee),bfp_manual,Main Meal,Vegetarian,True,glass,31.75513458251953,0.8497499823570251,5.243333339691162,0.7584166526794434,0.8339999914169312,0.19716666638851166
BFP036,Vermicelli porridge (Semiya/Seviyan porridge),bfp_manual,Breakfast,Vegetarian,True,bowl,310.847412109375,9.89900016784668,41.88999938964844,11.826000213623047,1.909999966621399,27.913999557495117
BFP039,Semolina upma (Suji/Rava upma),bfp_manual,Breakfast,Vegetarian,True,bowl,157.143310546875,3.5073366165161133,17.33301544189453,7.961974620819092,3.445237398147583,1.3916850090026855
BFP040,Vermicelli upma (Semiya/Seviyan upma),bfp_manual,Breakfast,Vegetarian,True,bowl,158.4339141845703,3.3053364753723145,17.93101692199707,7.911974906921387,3.4112374782562256,1.48968505859375
BFP041,Rice upma,bfp_manual,Breakfast,Vegetarian,True,bowl,160.7283172607422,2.7933366298675537,19.079015731811523,7.923974990844727,2.249237537384033,1.1956850290298462
BFP042,Bread upma,bfp_manual,Breakfast,Vegetarian,True,bowl,137.61451721191406,2.971336603164673,13.387015342712402,8.23397445678711,2.081237554550171,1.6616851091384888
BFP043,Vegetable upma,bfp_manual,Breakfast,Vegetarian,True,plate,345.1669006347656,11.140364646911621,38.779205322265625,15.62789535522461,9.869686126708984,3.2651710510253906
BFP044,Poha,bfp_manual,Breakfast,Vegetarian,True,bowl,160.78147888183594,3.322011947631836,19.132686614990234,7.718059062957764,2.028493881225586,0.47672900557518005
BFP045,Vegetable poha,bfp_manual,Breakfast,Vegetarian,True,bowl,176.59866333007812,4.782182693481445,21.053604125976562,7.893948078155518,3.682842969894409,1.370585560798645
BFP046,Moong dal stuffed cheela/chilla (Moong dal ka cheela/chilla),bfp_manual,Breakfast,Vegetarian,True,cheela,352.1001281738281,15.853487968444824,44.155487060546875,11.627375602722168,9.66499137878418,2.521461009979248
BFP047,Paneer stuffed cheela/chilla,bfp_manual,Breakfast,Vegetarian,False,cheela,435.6784362792969,24.282487869262695,40.68198776245117,18.867876052856445,8.55349063873291,8.098461151123047
BFP052,Indian style egg bhujia (Anda bhujia (Indian style)),bfp_manual,Main Meal,Non-Vegetarian,False,small bowl,129.53024291992188,7.679563045501709,4.738379955291748,8.841958045959473,1.9334020614624023,2.45050311088562
BFP054,French omelette/omlet,bfp_manual,Breakfast,Non-Vegetarian,False,egg,143.50685119628906,6.821000099182129,0.27969998121261597,12.822700500488281,0.2590000033378601,0.06499999761581421
BFP055,Puffy omelette/omlet,bfp_manual,Breakfast,Non-Vegetarian,False,egg,142.99301147460938,6.699999809265137,0.05999999865889549,12.795000076293945,0.0,0.05999999865889549
BFP056,Orange omelette/omlet,bfp_manual,Breakfast,Non-Vegetarian,False,egg,147.94300842285156,6.789999961853027,1.274999976158142,12.795000076293945,0.0,1.274999976158142
BFP057,Cheese and mushroom omelette/omlet,bfp_manual,Breakfast,Non-Vegetarian,False,egg,263.2023620605469,12.404999732971191,2.1536998748779297,22.808700561523438,1.1920000314712524,1.375
BFP058,Spanish omelette/omlet,bfp_manual,Breakfast,Non-Vegetarian,False,egg,239.32005310058594,12.54010009765625,7.752099990844727,17.387699127197266,3.863800048828125,1.5586000680923462
BFP059,Mixed stock,bfp_manual,Main Meal,Vegetarian,True,cup,229.2519989013672,18.78999900817871,3.0219998359680176,15.592000007629395,1.3259999752044678,1.8220000267028809
BFP060,Meat stock,bfp_manual,Main Meal,Non-Vegetarian,False,cup,213.0,18.299999237060547,0.0,15.449999809265137,0.0,0.0
BFP062,White stock,bfp_manual,Main Meal,Vegetarian,True,cup,53.45199966430664,0.5199999809265137,3.052000045776367,4.252000331878662,1.3259999752044678,1.8519999980926514
BFP065,Meat consomme (with mutton),bfp_manual,Main Meal,Non-Vegetarian,False,bowl,184.50820922851562,92.1104965209961,3.1558499336242676,84.78734588623047,4.385400295257568,1.5161000490188599
BFP066,Consomme au julienne,bfp_manual,Main Meal,Vegetarian,True,bowl,213.7445068359375,96.1834945678711,11.480850219726562,82.0523452758789,10.655400276184082,6.361099720001221
BFP067,Consomme au vermicelli,bfp_manual,Main Meal,Vegetarian,True,bowl,187.7198028564453,95.4843978881836,8.155250549316406,81.38164520263672,5.053900241851807,1.6658999919891357
BFP072,Green pea soup (Matar ka soup),bfp_manual,Main Meal,Vegetarian,True,bowl,221.32374572753906,61.51899719238281,20.198200225830078,71.69969940185547,13.860000610351562,4.834499835968018
BFP073,Spinach soup (Palak ka soup),bfp_manual,Main Meal,Vegetarian,True,bowl,163.876953125,52.97962188720703,15.214203834533691,71.7213363647461,9.948307037353516,1.4674040079116821
BFP074,Mixed vegetable soup,bfp_manual,Main Meal,Vegetarian,True,bowl,157.37283325195312,36.206302642822266,12.993399620056152,51.39430236816406,7.214450359344482,7.226099967956543
BFP075,Cheese soup,bfp_manual,Main Meal,Vegetarian,False,bowl,182.97146606445312,55.1089973449707,8.31149959564209,75.94190216064453,7.986599922180176,3.7220001220703125
BFP076,Mulligatawny soup,bfp_manual,Main Meal,Vegetarian,True,bowl,189.8490447998047,39.296600341796875,28.733200073242188,46.31449890136719,9.054200172424316,4.393400192260742
BFP079,Cream of carrot soup,bfp_manual,Main Meal,Vegetarian,False,bowl,278.3031005859375,38.52960205078125,26.48419952392578,57.51679992675781,9.213000297546387,8.22700023651123
BFP080,Cream of broccoli soup,bfp_manual,Main Meal,Vegetarian,False,bowl,258.6194152832031,41.318603515625,17.138200759887695,58.71580123901367,8.695000648498535,7.345999717712402
BFP082,Cream of potato soup,bfp_manual,Main Meal,Vegetarian,False,bowl,286.3573913574219,38.528602600097656,29.21820068359375,57.315799713134766,7.205000400543213,5.895999908447266
BFP087,Almond soup (Badam ka soup),bfp_manual,Main Meal,Vegetarian,True,bowl,375.1643371582031,48.32259750366211,17.56744956970215,65.81999969482422,4.319950103759766,9.27715015411377
BFP088,Cold cucumber cream soup ,bfp_manual,Main Meal,Vegetarian,False,bowl,45.42829895019531,1.2870999574661255,6.728600025177002,1.289199948310852,2.79580020904541,1.9460999965667725
BFP089,Cold tomato soup,bfp_manual,Main Meal,Vegetarian,True,bowl,46.4015007019043,0.31130000948905945,1.624400019645691,4.274199962615967,0.4416000247001648,0.6036999821662903
BFP090,Chicken stew,bfp_manual,Main Meal,Non-Vegetarian,False,bowl,378.6318054199219,21.352663040161133,13.18578815460205,26.45686149597168,5.395893096923828,4.257206916809082
BFP091,Veg paneer stew,bfp_manual,Main Meal,Vegetarian,False,bowl,344.7384033203125,16.543663024902344,24.19578742980957,19.913862228393555,7.291893005371094,11.490206718444824
BFP108,Onion-green chilli parantha/paratha (Pyaaz aur hari mirch ka parantha/paratha),bfp_manual,Breakfast,Vegetarian,True,parantha,146.22654724121094,3.3419368267059326,20.160053253173828,5.557128429412842,3.946575880050659,2.0720057487487793
BFP110,Methi parantha/paratha,bfp_manual,Breakfast,Vegetarian,True,parantha,135.3014678955078,3.8951961994171143,20.237545013427734,3.962491989135742,4.641613483428955,2.2239370346069336
BFP114,Bathua poori,bfp_manual,Main Meal,Vegetarian,True,poori,544.2376098632812,2.138444423675537,12.590221405029297,53.749332427978516,1.7006667852401733,0.3768889009952545
BFP115,Gram flour poori (Besan poori),bfp_manual,Main Meal,Vegetarian,True,poori,525.57421875,1.9486666917800903,8.237333297729492,53.872886657714844,1.4586666822433472,0.2622222304344177
BFP116,Beetroot poori (Chukandar ki poori),bfp_manual,Main Meal,Vegetarian,True,poori,543.1355590820312,1.9690001010894775,12.649110794067383,53.708221435546875,1.4390000104904175,0.5607777833938599
BFP117,Peas poori (Matar ki poori),bfp_manual,Main Meal,Vegetarian,True,poori,496.79266357421875,2.544600009918213,12.500799179077148,48.34600067138672,1.8880001306533813,0.4036000370979309
BFP118,Peas kachori (Matar kachori),bfp_manual,Main Meal,Vegetarian,True,kachori,632.2093505859375,3.474215507507324,14.324509620666504,62.17984390258789,2.196146011352539,0.5367035269737244
BFP122,Pizza,bfp_manual,Main Meal,Vegetarian,True,slice,436.3479309082031,20.360986709594727,29.55954933166504,25.935474395751953,5.073587417602539,4.101550102233887
BFP124,Bacon and mushroom pancake,bfp_manual,Dessert,Non-Vegetarian,False,pancake,191.5732879638672,8.28703784942627,10.289924621582031,12.881892204284668,1.927672028541565,1.4933439493179321
BFP125,Cheese and tomato pancake,bfp_manual,Dessert,Vegetarian,False,pancake,162.4922637939453,5.673133373260498,11.756900787353516,10.235417366027832,1.166200041770935,3.835599899291992
BFP127,Minced meat pancake (with chicken),bfp_manual,Dessert,Non-Vegetarian,False,pancake,155.9285888671875,16.14189910888672,10.987800598144531,14.080116271972656,0.9429333209991455,1.7394332885742188
BFP132,Eggplant/Brinjal rice (Vangi bhat),bfp_manual,Main Meal,Vegetarian,True,plate,538.0884399414062,15.37100601196289,92.41912841796875,10.69758415222168,12.916642189025879,12.703462600708008
BFP133,Kashmiri 'tahar',bfp_manual,Main Meal,Vegetarian,True,plate,319.82177734375,6.356866359710693,62.22731399536133,4.446013927459717,3.1778101921081543,0.5457380414009094
BFP134,Cumin pulao (Jeera/Zeera pulao),bfp_manual,Main Meal,Vegetarian,True,plate,365.8278503417969,6.687099933624268,63.8661994934082,8.646400451660156,3.7855000495910645,1.7258000373840332
BFP136,Peas pulao (Matar pulao),bfp_manual,Main Meal,Vegetarian,True,plate,513.7529296875,18.375699996948242,86.90380096435547,8.979849815368652,15.159649848937988,6.157900333404541
BFP137,Split bengal gram dal and vegetable pulao (Channa dal and vegetable pulao),bfp_manual,Main Meal,Vegetarian,True,plate,514.924072265625,15.910699844360352,87.1427993774414,10.1468505859375,13.959650039672852,7.008900165557861
BFP138,Black channa pulao/ Bengal gram pulao (Kale chane ka pulao),bfp_manual,Main Meal,Vegetarian,True,plate,498.158203125,13.638199806213379,85.5438003540039,10.23235034942627,10.692150115966797,7.900400161743164
BFP141,Mutton pulao,bfp_manual,Main Meal,Non-Vegetarian,False,plate,866.5282592773438,43.18894577026367,74.613037109375,71.43281555175781,10.938704490661621,6.601644992828369
BFP142,Chicken pulao,bfp_manual,Main Meal,Non-Vegetarian,False,plate,723.1832275390625,40.58794403076172,74.613037109375,56.63031768798828,10.938704490661621,6.601644992828369
BFP143,Mexican rice,bfp_manual,Main Meal,Vegetarian,True,plate,624.244140625,23.936100006103516,73.59574890136719,25.267879486083984,8.498530387878418,7.463119983673096
BFP144,Plain khitchdi (Plain khichri/khichdi),bfp_manual,Main Meal,Vegetarian,True,small bowl,327.3550720214844,9.860249519348145,57.64030075073242,5.776400089263916,4.869699954986572,0.6927000284194946
BFP147,Instant idli (with semolina),bfp_manual,Breakfast,Vegetarian,True,idli,87.23462677001953,3.2330758571624756,15.310989379882812,1.2724566459655762,2.5135481357574463,1.1817699670791626
BFP148,Plain dosa,bfp_manual,Breakfast,Vegetarian,True,dosa,137.6022186279297,3.7340126037597656,23.14846420288086,3.045650005340576,1.8891874551773071,0.2514375150203705
BFP152,Uttapam,bfp_manual,Breakfast,Vegetarian,True,uttapam,174.1522979736328,4.20719051361084,24.683879852294922,6.143355846405029,2.990952253341675,1.0202348232269287
BFP153,Appam,bfp_manual,Breakfast,Vegetarian,True,appam,409.2830810546875,4.76966667175293,20.302833557128906,34.5984992980957,9.468667030334473,6.355000019073486
BFP154,Beans and macaroni,bfp_manual,Main Meal,Vegetarian,True,plate,345.98931884765625,11.652299880981445,36.211551666259766,17.833850860595703,5.210899829864502,4.263800144195557
BFP155,Spaghetti bolognese,bfp_manual,Main Meal,Vegetarian,True,shallow dish,364.6760559082031,34.998226165771484,37.592254638671875,35.61528396606445,4.0368571281433105,5.281804084777832
BFP157,Meat and macaroni casserole,bfp_manual,Main Meal,Non-Vegetarian,False,small casserole dish,647.0057983398438,36.63269805908203,64.57534790039062,40.72249984741211,4.754300117492676,3.9853999614715576
BFP162,Lasagne with vegetables,bfp_manual,Main Meal,Vegetarian,True,dish,865.0218505859375,29.962024688720703,103.75239562988281,37.95858383178711,11.656611442565918,24.030792236328125
BFP165,Home made egg noodles,bfp_manual,Main Meal,Non-Vegetarian,False,curry bowl,541.7799682617188,14.727200508117676,96.5510025024414,9.838449478149414,3.5880000591278076,2.3269999027252197
BFP170,Sour lentils (Khatti dal),bfp_manual,Main Meal,Vegetarian,True,curry bowl,126.17866516113281,8.037069320678711,21.904939651489258,0.45023399591445923,4.433652877807617,4.541173934936523
BFP171,Urad special dehusked,bfp_manual,Main Meal,Vegetarian,True,curry bowl,184.8427276611328,8.359587669372559,23.592504501342773,5.773231029510498,6.659319877624512,3.5180060863494873
BFP172,Arhar with spinach (Arhar dal aur palak),bfp_manual,Main Meal,Vegetarian,True,curry bowl,213.09164428710938,8.271857261657715,19.220977783203125,11.112259864807129,5.222993850708008,0.9300850033760071
BFP174,Moong dal with vadi,bfp_manual,Main Meal,Vegetarian,True,curry bowl,87.27902221679688,1.4393190145492554,3.6074399948120117,7.4234843254089355,1.4276530742645264,1.6246739625930786
BFP176,Rasam with tamarind (Puli rasam/ Chintapandu rasam/ Charu/Saaru),bfp_manual,Main Meal,Vegetarian,True,curry bowl,104.25333404541016,4.411891937255859,13.137665748596191,3.437947988510132,6.2208170890808105,3.235373020172119
BFP177,Rasam with lemon (Nimmakaya rasam/Nimmakaya charu/Elumichai rasam/Nimbe hannina saaru),bfp_manual,Beverage,Vegetarian,True,curry bowl,96.2741470336914,4.361792087554932,11.222166061401367,3.4484479427337646,6.061517238616943,1.7539730072021484
BFP178,Green gram whole with baghar (Sabut moong dal with tadka),bfp_manual,Main Meal,Vegetarian,True,bowl,143.18519592285156,7.292043685913086,15.337715148925781,5.597134113311768,6.805703163146973,0.3338240087032318
BFP179,Urad sabut special,bfp_manual,Main Meal,Vegetarian,True,bowl,350.757080078125,10.288887023925781,22.232954025268555,24.129056930541992,9.495220184326172,3.8176310062408447
BFP185,Kabuli channa curry,bfp_manual,Main Meal,Vegetarian,True,bowl,243.8697967529297,10.391075134277344,27.126142501831055,10.872507095336914,3.973661184310913,4.414566993713379
BFP187,Besan gatte curry,bfp_manual,Main Meal,Vegetarian,True,bowl,484.1685485839844,19.826284408569336,41.56089401245117,27.408199310302734,8.30174732208252,11.502477645874023
BFP194,Mutton korma,bfp_manual,Main Meal,Non-Vegetarian,False,bowl,423.775634765625,25.991395950317383,9.279683113098145,31.279062271118164,2.852689027786255,5.994627952575684
BFP196,Shahi keema kofta curry,bfp_manual,Main Meal,Non-Vegetarian,False,bowl,2580.26806640625,25.552949905395508,10.689749717712402,270.44403076171875,5.591949939727783,4.812075138092041
BFP197,Minced meat ball curry,bfp_manual,Main Meal,Non-Vegetarian,False,bowl,409.6019287109375,25.430150985717773,10.66450023651123,29.276124954223633,5.55049991607666,4.751275062561035
BFP198,Boti kebab,bfp_manual,Snack,Vegetarian,True,kebab,72.66267395019531,5.0445051193237305,1.6749016046524048,5.068413734436035,0.41360777616500854,1.1436816453933716
BFP199,Mutton seekh kebab,bfp_manual,Snack,Non-Vegetarian,False,kebab,60.25196075439453,5.0609025955200195,1.398210048675537,3.7940850257873535,0.8474774956703186,0.629069983959198
BFP201,Indian lamb and egg curry (Nargisi kofta),bfp_manual,Main Meal,Non-Vegetarian,False,kofta,1312.53564453125,15.010518074035645,8.090705871582031,135.63818359375,2.327367067337036,2.918344497680664
BFP203,Soya chunks sweet and sour (Nutrinugget sweet and sour),bfp_manual,Dessert,Vegetarian,True,bowl,2312.2958984375,13.171700477600098,15.112199783325195,258.4492492675781,3.9591000080108643,5.059100151062012
BFP204,Soya chunks korma (Nutrinugget korma),bfp_manual,Main Meal,Vegetarian,True,bowl,326.8592224121094,9.603806495666504,19.080202102661133,23.624210357666016,6.3914642333984375,11.600924491882324
BFP205,Mushroom matar,bfp_manual,Main Meal,Vegetarian,True,bowl,186.0626983642578,7.340386867523193,14.019262313842773,10.798323631286621,8.235533714294434,3.6642391681671143
BFP206,Soya chunks and peas (Nutrinugget matar),bfp_manual,Main Meal,Vegetarian,True,bowl,184.1717071533203,6.752387046813965,12.971261978149414,11.386323928833008,6.369534015655518,3.6642391681671143
BFP207,Vegetable yakhni,bfp_manual,Main Meal,Vegetarian,True,bowl,2329.719482421875,6.7440996170043945,11.128325462341309,251.27694702148438,3.5217249393463135,8.234525680541992
BFP208,Spinach mushroom (Palak mushroom),bfp_manual,Main Meal,Vegetarian,True,bowl,140.53775024414062,5.725924968719482,8.71560001373291,8.72445011138916,6.704625129699707,2.9369001388549805
BFP210,Vegetarian nargisi kofta curry,bfp_manual,Main Meal,Vegetarian,True,kofta,1325.2603759765625,9.129043579101562,26.246963500976562,131.42543029785156,3.435534954071045,6.574415683746338
BFP212,Roast chicken,bfp_manual,Main Meal,Non-Vegetarian,False,joint,266.62042236328125,27.32271385192871,0.1338375061750412,17.423112869262695,0.041450001299381256,0.06158750131726265
BFP216,Tomato chicken,bfp_manual,Main Meal,Non-Vegetarian,False,bowl,196.84173583984375,18.630741119384766,3.758382558822632,11.83523178100586,2.508531093597412,1.6359589099884033
BFP217,Creamy chicken,bfp_manual,Main Meal,Non-Vegetarian,False,bowl,332.3608703613281,29.39016342163086,6.796437740325928,20.816726684570312,1.50981605052948,4.592511177062988
BFP218,Broccoli chicken ala king,bfp_manual,Main Meal,Non-Vegetarian,False,bowl,282.271728515625,18.825300216674805,12.600549697875977,17.87835121154785,4.535399913787842,5.871300220489502
BFP220,Ginger chicken,bfp_manual,Main Meal,Non-Vegetarian,False,bowl,495.913330078125,31.654626846313477,21.49720001220703,31.63884925842285,4.659725189208984,7.478699684143066
BFP221,Chicken sweet and sour,bfp_manual,Dessert,Non-Vegetarian,False,bowl,2499.60302734375,38.86370086669922,14.972200393676758,267.2692565917969,3.2390999794006348,4.999100208282471
BFP222,Chicken korma,bfp_manual,Main Meal,Non-Vegetarian,False,bowl,513.4599609375,34.11639404296875,18.84234046936035,33.57218551635742,6.311805248260498,11.529735565185547
BFP223,Bengal fish curry (Bengali machli curry),bfp_manual,Main Meal,Non-Vegetarian,False,bowl,339.7574462890625,22.549850463867188,13.722492218017578,21.81625747680664,5.981611251831055,7.410717010498047
BFP226,Fish finger,bfp_manual,Main Meal,Non-Vegetarian,False,fillet,2408.255859375,25.087249755859375,19.847000122070312,247.61924743652344,1.5080000162124634,0.7620000243186951
BFP229,Fish in coconut milk (Nariyal ke doodh ke saath machli),bfp_manual,Main Meal,Non-Vegetarian,False,dish,280.641845703125,28.190868377685547,8.890556335449219,14.4279203414917,4.933280944824219,5.042590141296387
BFP230,Prawn curry (with coconut) (Jhinga curry),bfp_manual,Main Meal,Non-Vegetarian,False,bowl,313.4407043457031,24.44452476501465,8.879657745361328,19.825868606567383,4.475589275360107,5.822408199310303
BFP231,Baked stuffed fish,bfp_manual,Main Meal,Non-Vegetarian,False,fish,742.0862426757812,98.1952896118164,12.907337188720703,33.02357482910156,2.2900874614715576,2.1075124740600586
BFP232,Fish pie,bfp_manual,Dessert,Non-Vegetarian,False,pie,369.443115234375,28.268400192260742,23.663700103759766,17.641399383544922,2.3122000694274902,3.4563000202178955
BFP233,Crispy baked fish,bfp_manual,Main Meal,Non-Vegetarian,False,casserole dish,391.6770935058594,30.998600006103516,27.13170051574707,18.149499893188477,3.4172000885009766,4.320400238037109
BFP234,Fish souffle,bfp_manual,Main Meal,Non-Vegetarian,False,dish,412.61114501953125,31.035350799560547,15.177499771118164,25.2408504486084,0.5674999952316284,6.1817498207092285
BFP239,Potato curry (Aloo ki sabzi),bfp_manual,Main Meal,Vegetarian,True,bowl,180.51611328125,3.0593879222869873,21.003488540649414,9.007475852966309,4.882191181182861,3.1947109699249268
BFP240,Egg curry (Anda curry),bfp_manual,Main Meal,Non-Vegetarian,False,bowl,178.12611389160156,8.159387588500977,6.11348819732666,13.352476119995117,3.1721911430358887,2.874711036682129
BFP241,Vegetable curry with coconut ,bfp_manual,Main Meal,Vegetarian,True,bowl,308.66790771484375,10.307388305664062,26.698488235473633,17.29847526550293,12.431191444396973,5.244710922241211
BFP242,Curd with potatoes (Dahi aloo),bfp_manual,Main Meal,Vegetarian,False,bowl,227.19273376464844,5.92946195602417,27.102861404418945,10.319623947143555,4.501859188079834,6.904038906097412
BFP246,Potato kofta curry (Aloo kofta curry),bfp_manual,Main Meal,Vegetarian,True,bowl,4645.41845703125,5.712757110595703,28.397064208984375,500.70489501953125,5.712788105010986,6.425844192504883
BFP249,Yam kofta curry (Zimikand/Suran kofta curry),bfp_manual,Main Meal,Vegetarian,True,bowl,2422.435546875,5.363712787628174,28.1252384185791,253.85275268554688,7.786165714263916,4.698135852813721
BFP250,Jackfruit kofta curry (Kathal ka kofta curry),bfp_manual,Main Meal,Vegetarian,True,bowl,2408.9560546875,6.035713195800781,23.757238388061523,253.82875061035156,7.234165668487549,17.970136642456055
BFP257,Spinach and potato (Palak aloo),bfp_manual,Main Meal,Vegetarian,True,bowl,191.57415771484375,5.461925029754639,19.811599731445312,9.448450088500977,6.828625202178955,3.1289000511169434
BFP258,Mooli bhujia,bfp_manual,Main Meal,Vegetarian,True,bowl,180.96234130859375,3.3471879959106445,9.413337707519531,14.386075973510742,4.6754913330078125,2.1253609657287598
BFP259,Bathua bhujia,bfp_manual,Main Meal,Vegetarian,True,bowl,180.36483764648438,4.492187976837158,7.203337669372559,14.461075782775879,7.545490741729736,2.1403610706329346
BFP261,Cabbage rolls (dry) ((Pattagobhi rolls) (dry)),bfp_manual,Snack,Vegetarian,True,roll,118.46800994873047,6.823393821716309,5.067177772521973,7.781691551208496,1.5266510248184204,1.0477889776229858
BFP262,Cabbage rolls (curry) ((Pattagobhi rolls)(curry)),bfp_manual,Snack,Vegetarian,True,roll,181.4825439453125,8.387173652648926,10.24020767211914,11.893752098083496,3.42478609085083,5.543024063110352
BFP263,Dry arbi (Sookhi arbi),bfp_manual,Main Meal,Vegetarian,True,bowl,270.686279296875,4.244724750518799,22.27869987487793,17.986099243164062,4.961025238037109,3.1120500564575195
BFP266,Peas brinjal bhartha (Matar baingan bhartha),bfp_manual,Main Meal,Vegetarian,True,small bowl,221.2301025390625,5.367487907409668,13.13173770904541,15.835975646972656,9.5010404586792,4.117711067199707
BFP269,Okra/Lady's fingers fry (Bhindi sabzi/sabji/subji),bfp_manual,Main Meal,Vegetarian,True,bowl,184.31881713867188,3.0447001457214355,7.4905500411987305,15.42557430267334,5.936924934387207,2.3701000213623047
BFP270,Crispy okra/Crispy lady's fingers (Karare bhindi),bfp_manual,Main Meal,Vegetarian,True,small bowl,2254.47265625,6.552750110626221,14.90464973449707,241.28086853027344,6.009774684906006,0.8928499817848206
BFP272,Beans foogath,bfp_manual,Main Meal,Vegetarian,True,small bowl,190.34552001953125,3.6693379878997803,5.9043378829956055,16.707124710083008,7.5124406814575195,3.0716609954833984
BFP273,Stuffed bittergourd (wet) (Bharwa karele),bfp_manual,Main Meal,Vegetarian,True,bowl,254.04708862304688,2.133424997329712,7.3226423263549805,23.85370635986328,4.4759111404418945,3.0555670261383057
BFP274,Jackfruit/Kathal (dry),bfp_manual,Main Meal,Vegetarian,True,bowl,2363.8017578125,4.4941630363464355,22.067338943481445,250.3313751220703,6.422316074371338,17.155860900878906
BFP275,Yam fried (Zimikand/Suran fried),bfp_manual,Main Meal,Vegetarian,True,bowl,2377.281494140625,3.8221628665924072,26.435338973999023,250.35537719726562,6.974316120147705,3.8838610649108887
BFP276,"Cauliflower, pea and potato bhujia (Phoolgobhi, matar aur aloo bhujia)",bfp_manual,Main Meal,Vegetarian,True,bowl,182.93377685546875,5.267075061798096,15.74499225616455,10.594706535339355,6.2396111488342285,2.8142170906066895
BFP277,Vegetable jalfrezi,bfp_manual,Main Meal,Vegetarian,True,bowl,68.8783950805664,1.4130635261535645,5.457658767700195,4.400760173797607,2.987022638320923,1.8054550886154175
BFP278,Vegetables stir fry ,bfp_manual,Main Meal,Vegetarian,True,small bowl,119.58538055419922,4.021850109100342,12.410650253295898,5.722749710083008,5.341550350189209,3.322550058364868
BFP279,Broccoli delight,bfp_manual,Main Meal,Vegetarian,True,bowl,81.19049835205078,4.968250274658203,4.673000335693359,4.955749988555908,5.644499778747559,2.1529998779296875
BFP280,Dhansak (vegetarian),bfp_manual,Main Meal,Vegetarian,True,bowl,199.56509399414062,8.006712913513184,17.541791915893555,10.073627471923828,10.045758247375488,2.183591604232788
BFP282,Cauliflower basket,bfp_manual,Main Meal,Vegetarian,True,portion,219.60646057128906,12.568849563598633,9.585075378417969,14.199925422668457,5.791049957275391,3.543600082397461
BFP284,Stuffed bottle gourd (Stuffed ghiya/lauki),bfp_manual,Main Meal,Vegetarian,True,portion,330.8143615722656,20.724699020385742,15.481800079345703,20.600500106811523,4.1946001052856445,5.395699977874756
BFP286,Ducheese potato,bfp_manual,Main Meal,Vegetarian,True,potato,60.37561798095703,1.5475749969482422,4.6982622146606445,3.8709311485290527,0.5551000237464905,0.12270000576972961
BFP287,Roast potatoes ,bfp_manual,Main Meal,Vegetarian,True,potato,67.49285888671875,1.1796499490737915,11.224774360656738,1.81992506980896,1.3239500522613525,0.2523999810218811
BFP288,Stuffed baked potatoes ,bfp_manual,Main Meal,Vegetarian,True,potato,104.25106048583984,3.9696500301361084,11.481074333190918,4.568449974060059,1.3626500368118286,0.4212999939918518
BFP289,Potato nests,bfp_manual,Main Meal,Vegetarian,True,nest,213.7069549560547,10.925649642944336,21.154375076293945,9.123650550842285,4.758699893951416,2.7031500339508057
BFP290,Parsley potato,bfp_manual,Main Meal,Vegetarian,True,bowl,129.67247009277344,1.6157499551773071,14.985150337219238,6.811700344085693,1.7293500900268555,0.3714500069618225
BFP291,Creamed spinach and mushroom,bfp_manual,Main Meal,Vegetarian,True,bowl,2496.711669921875,13.55459976196289,18.84709930419922,262.6177062988281,6.05679988861084,6.98859977722168
BFP292,Fricassee of Mushroom,bfp_manual,Main Meal,Vegetarian,True,dish,299.553466796875,10.254599571228027,22.840099334716797,18.628700256347656,3.4677999019622803,7.041599750518799
BFP293,Cauliflower au gratin,bfp_manual,Main Meal,Vegetarian,True,bowl,490.7093200683594,14.980050086975098,30.72249984741211,34.322200775146484,4.8538498878479,10.140199661254883
BFP294,Vegetable and cheese pie,bfp_manual,Dessert,Vegetarian,False,dish,615.1505737304688,19.534549713134766,42.45779800415039,40.1515998840332,9.267900466918945,13.061800003051758
BFP296,Spinach souffle ,bfp_manual,Main Meal,Vegetarian,True,small bowl,300.87042236328125,14.740300178527832,12.569000244140625,21.07740020751953,2.877000093460083,1.77839994430542
BFP299,Beetroot and egg salad (Chukandar aur ande ka salad),bfp_manual,Main Meal,Non-Vegetarian,False,small bowl,188.93597412109375,7.46875,7.56974983215332,14.35949993133545,1.2267500162124634,4.3792500495910645
BFP300,Sour cream potato salad,bfp_manual,Main Meal,Vegetarian,False,small bowl,276.5130615234375,6.552000045776367,20.53569984436035,18.43320083618164,2.739000082015991,1.8949999809265137
BFP301,Tossed green salad,bfp_manual,Main Meal,Vegetarian,True,small bowl,108.73432159423828,2.9082000255584717,8.31779956817627,7.055600166320801,2.891200065612793,4.14109992980957
BFP302,Spring basket salad,bfp_manual,Main Meal,Vegetarian,True,basket,336.9595947265625,7.061999797821045,24.374000549316406,23.724000930786133,6.492000102996826,3.0759999752044678
BFP303,Cucumber and yogurt salad (Kheere aur dahi ka salad),bfp_manual,Dessert,Vegetarian,False,small plate,41.57720184326172,2.406749963760376,5.4365997314453125,1.06659996509552,1.9127000570297241,2.623149871826172
BFP305,Chicken and tomato towers,bfp_manual,Main Meal,Non-Vegetarian,False,stuffed tomato,265.5472106933594,18.224700927734375,6.242000102996826,18.463350296020508,3.021900177001953,3.1850500106811523
BFP306,Jellied sunshine fruit salad,bfp_manual,Main Meal,Vegetarian,True,small mould,121.4293212890625,14.540949821472168,10.454549789428711,2.107599973678589,4.467949867248535,7.10984992980957
BFP307,Tomato aspic,bfp_manual,Main Meal,Vegetarian,True,small mould,107.1641845703125,14.623250007629395,10.68595027923584,0.5568000078201294,3.368849992752075,6.8246002197265625
BFP308,Frozen frosty fruit salad (Phalon ka salaad),bfp_manual,Main Meal,Vegetarian,True,slice,241.17227172851562,3.9089999198913574,36.36684799194336,9.720650672912598,0.6099500060081482,33.512550354003906
BFP310,French dressing,bfp_manual,Main Meal,Vegetarian,True,cup,1477.322265625,0.6496000289916992,7.400266647338867,160.35919189453125,0.4421333372592926,6.0615997314453125
BFP312,Mayonnaise without eggs,bfp_manual,Main Meal,Non-Vegetarian,False,cup,1274.260498046875,8.25309944152832,15.431599617004395,131.04519653320312,0.16580000519752502,14.268099784851074
BFP313,Curd dressing ,bfp_manual,Main Meal,Vegetarian,False,cup,164.82464599609375,11.684449195861816,16.79465103149414,6.073400020599365,0.46035000681877136,15.832950592041016
BFP316,Carrot raita (Gajar ka raita),bfp_manual,Main Meal,Vegetarian,True,bowl,102.14546966552734,6.522137641906738,11.328938484191895,3.445375919342041,2.65959095954895,9.449211120605469
BFP318,Pumpkin raita (Kaddu ka raita),bfp_manual,Main Meal,Vegetarian,True,bowl,94.52924346923828,6.349961757659912,10.23066234588623,3.2029240131378174,1.7704089879989624,9.308089256286621
BFP320,Mint and peanut raita (Pudinay aur moongfali ka raita),bfp_manual,Main Meal,Vegetarian,True,bowl,149.2125244140625,9.383817672729492,9.73625373840332,8.245548248291016,2.3837690353393555,8.217897415161133
BFP321,Spinach raita (Palak ka raita),bfp_manual,Main Meal,Vegetarian,True,bowl,107.1815185546875,8.021818161010742,10.278254508972168,3.775547981262207,2.8257691860198975,8.061897277832031
BFP322,Bathua raita,bfp_manual,Main Meal,Vegetarian,True,bowl,110.52751922607422,8.381817817687988,10.788253784179688,3.575547933578491,4.455769062042236,8.341897010803223
BFP325,Pineapple raita (Ananas ka raita),bfp_manual,Main Meal,Vegetarian,True,bowl,107.60112762451172,6.19189977645874,13.694450378417969,3.211400032043457,2.206550121307373,12.892500877380371
BFP326,Banana raita (Kele ka raita),bfp_manual,Main Meal,Vegetarian,True,bowl,141.4196319580078,6.5569000244140625,21.459449768066406,3.2913999557495117,1.5815500020980835,16.0625
BFP327,Mango raita (Aam ka raita),bfp_manual,Main Meal,Vegetarian,True,bowl,107.00363159179688,6.201900005340576,13.074450492858887,3.406399965286255,1.4165500402450562,12.4975004196167
BFP328,Guava raita (Amarood ka raita),bfp_manual,Main Meal,Vegetarian,True,bowl,102.2236328125,6.651899814605713,11.549449920654297,3.2913999557495117,4.771550178527832,10.662500381469727
BFP329,Grapes raita (Angoor ka raita),bfp_manual,Main Meal,Vegetarian,True,bowl,115.30888366699219,6.314399719238281,15.339449882507324,3.283900022506714,1.1265499591827393,13.515000343322754
BFP334,Bottle gourd kheer (Ghiya/Lauki kheer),bfp_manual,Dessert,Vegetarian,True,bowl,225.064697265625,7.230519771575928,26.775680541992188,10.324780464172363,1.4628199338912964,25.780460357666016
BFP336,Pumpkin kheer (Kaddu ki kheer),bfp_manual,Dessert,Vegetarian,True,bowl,231.15919494628906,7.385519981384277,27.935680389404297,10.3397798538208,1.6828199625015259,27.085460662841797
BFP338,Apple kheer (Seb ki kheer),bfp_manual,Dessert,Vegetarian,True,bowl,270.47271728515625,7.111090183258057,37.74375534057617,10.58007526397705,1.6978199481964111,35.61758041381836
BFP345,Caramel custard (baked),bfp_manual,Dessert,Vegetarian,True,small bowl,276.6805114746094,11.53030014038086,33.722999572753906,11.295299530029297,0.0,33.64799880981445
BFP346,Vanilla ice cream without egg,bfp_manual,Dessert,Non-Vegetarian,False,ice cream cup,359.8737487792969,4.230299949645996,22.355499267578125,28.556549072265625,0.0,21.167999267578125
BFP347,Vanilla ice cream with egg,bfp_manual,Dessert,Non-Vegetarian,False,ice cream cup,389.1477355957031,7.542799949645996,21.20549964904785,30.83530044555664,0.0,21.167999267578125
BFP348,Strawberry ice cream,bfp_manual,Dessert,Vegetarian,False,ice cream cup,392.13275146484375,7.549999713897705,22.292499542236328,30.84375,0.0,21.104999542236328
BFP350,Chocochip ice cream,bfp_manual,Dessert,Vegetarian,False,ice cream cup,481.38275146484375,8.425000190734863,33.404998779296875,35.743751525878906,0.0,32.060001373291016
BFP351,Choconut ice cream,bfp_manual,Dessert,Vegetarian,False,sundae glass,658.7959594726562,12.121299743652344,55.61558151245117,44.4657096862793,1.2192599773406982,50.547489166259766
BFP352,Pear chocholate sunday,bfp_manual,Main Meal,Vegetarian,True,sundae glass,447.2503967285156,5.080937385559082,36.59980010986328,31.958288192749023,0.17957499623298645,35.11366271972656
BFP354,Coffee ice cream,bfp_manual,Beverage,Vegetarian,False,ice cream cup,249.8408660888672,5.220799922943115,23.371000289916992,15.642549514770508,0.0,22.141000747680664
BFP355,Coffee pear alaska,bfp_manual,Beverage,Vegetarian,True,dish,510.7386779785156,7.218599796295166,48.48099899291992,33.08774948120117,0.3799999952316284,42.26974868774414
BFP356,Crunchy butterscotch,bfp_manual,Main Meal,Vegetarian,True,cup,519.626953125,5.832799911499023,37.32899856567383,39.338050842285156,0.8790000081062317,33.2140007019043
BFP358,Peach melba ice cream,bfp_manual,Dessert,Vegetarian,False,sundae glass,460.1375732421875,4.711559772491455,37.35894012451172,33.23431396484375,0.14366000890731812,30.5875301361084
BFP361,Grape and orange whip,bfp_manual,Main Meal,Vegetarian,True,orange case,69.44280242919922,1.7103999853134155,8.126999855041504,3.173099994659424,1.1699999570846558,6.850500106811523
BFP362,Honey banana cream,bfp_manual,Main Meal,Vegetarian,False,tall stemmed glass,415.3694763183594,9.185799598693848,45.13740158081055,22.094600677490234,2.318000078201294,34.79059982299805
BFP363,Raspberry bavarian cream,bfp_manual,Main Meal,Vegetarian,False,small mould,355.747802734375,7.922799587249756,42.23500061035156,18.665199279785156,5.199999809265137,36.250999450683594
BFP364,Fruit delight,bfp_manual,Main Meal,Vegetarian,True,small mould,366.25347900390625,7.131500244140625,31.15250015258789,24.253000259399414,0.3179999887943268,30.89000129699707
BFP365,Creamy chocolate mousse,bfp_manual,Main Meal,Vegetarian,True,dish,467.38299560546875,13.889999389648438,19.315000534057617,36.816001892089844,0.0,18.22100067138672
BFP366,Cold lemon souffle,bfp_manual,Main Meal,Vegetarian,True,souffle dish,411.9230041503906,14.292499542236328,37.88999938964844,23.719999313354492,0.0,33.654998779296875
BFP367,Cold orange souffle,bfp_manual,Main Meal,Vegetarian,True,souffle dish,417.82086181640625,14.328749656677246,39.257999420166016,23.702625274658203,0.27412500977516174,34.79774856567383
BFP368,Cold pineapple souffle,bfp_manual,Main Meal,Vegetarian,True,souffle dish,413.1780090332031,14.203999519348145,38.415000915527344,23.683000564575195,0.0,34.18000030517578
BFP369,Cold vanilla souffle,bfp_manual,Main Meal,Vegetarian,True,souffle dish,423.7122497558594,14.669599533081055,38.44199752807617,24.34760093688965,0.0,34.199501037597656
BFP370,Cold chocolate souffle,bfp_manual,Main Meal,Vegetarian,True,souffle dish,455.6922607421875,15.473999977111816,41.83599853515625,26.398000717163086,0.0,37.20349884033203
BFP371,Stewed fruit (with pear),bfp_manual,Main Meal,Vegetarian,True,bowl,89.560546875,0.30150002241134644,21.955699920654297,0.38510000705718994,3.419950008392334,21.29789924621582
BFP372,Apricot fool,bfp_manual,Main Meal,Vegetarian,True,tall stemmed glass,550.0911254882812,3.5121450424194336,76.85200500488281,25.920154571533203,2.279320001602173,48.6334342956543
BFP373,Pavlova,bfp_manual,Main Meal,Vegetarian,True,meringue,725.4539794921875,6.6719651222229,78.99800872802734,44.44437789916992,0.21199999749660492,73.66073608398438
BFP379,Apple crumb pudding,bfp_manual,Dessert,Vegetarian,True,small plate,216.98582458496094,1.5127500295639038,34.55125045776367,8.7162504196167,1.3040000200271606,27.210248947143555
BFP382,Hot lemon souffle,bfp_manual,Main Meal,Vegetarian,True,bowl,188.62930297851562,6.425099849700928,19.81770133972168,9.640199661254883,0.1656000018119812,14.664900779724121
BFP388,Chum chum,bfp_manual,Main Meal,Vegetarian,True,piece,405.4425048828125,4.728799819946289,88.1312255859375,5.97629976272583,0.04830000177025795,86.79657745361328
BFP389,Dil bahar,bfp_manual,Main Meal,Vegetarian,True,piece,405.4425048828125,4.728799819946289,88.1312255859375,5.97629976272583,0.04830000177025795,86.79657745361328
BFP390,Rasbhari,bfp_manual,Main Meal,Vegetarian,True,piece,405.4425048828125,4.728799819946289,88.1312255859375,5.97629976272583,0.04830000177025795,86.79657745361328
BFP391,Rajbogh,bfp_manual,Main Meal,Vegetarian,True,piece,420.5463562011719,5.382599830627441,88.57418823242188,7.166019916534424,0.3462199866771698,87.01777648925781
BFP392,Rasgulla,bfp_manual,Dessert,Vegetarian,True,piece,405.4425048828125,4.728799819946289,88.1312255859375,5.97629976272583,0.04830000177025795,86.79657745361328
BFP393,Rasmalai,bfp_manual,Main Meal,Vegetarian,True,piece,430.28033447265625,5.121649742126465,92.6000747680664,6.690426826477051,0.2270519882440567,91.13141632080078
BFP396,Khoa coconut burfi,bfp_manual,Dessert,Vegetarian,False,piece,206.7556610107422,5.013999938964844,18.365650177001953,13.069000244140625,2.042750120162964,17.88694953918457
BFP397,Danedar burfi,bfp_manual,Dessert,Vegetarian,True,piece,143.46617126464844,4.530946731567383,17.222501754760742,6.595523834228516,0.12385299801826477,16.74352264404297
BFP401,Semolina burfi (Suji/Rava burfi),bfp_manual,Dessert,Vegetarian,True,piece,163.24790954589844,1.6231520175933838,22.05157470703125,7.895625114440918,1.3109700679779053,13.423336029052734
BFP403,Pumpkin coconut burfi (Kaddu aur nariyal ki burfi),bfp_manual,Dessert,Vegetarian,True,piece,111.94029235839844,1.053375005722046,10.235699653625488,7.609250068664551,2.5768749713897705,9.687100410461426
BFP404,Khoa ladoo,bfp_manual,Dessert,Vegetarian,False,piece,178.20680236816406,5.492499828338623,15.494500160217285,10.842500686645508,1.3865000009536743,15.014749526977539
BFP406,Wheat and gram flour ladoo (Atta besan ladoo),bfp_manual,Dessert,Vegetarian,True,piece,151.76434326171875,2.8375749588012695,15.275099754333496,9.03116226196289,1.8173500299453735,5.583637714385986
BFP407,Semolina ladoo with nuts (Suji/Rava ladoo with nuts),bfp_manual,Dessert,Vegetarian,True,piece,138.62879943847656,1.7070000171661377,15.067825317382812,7.985000133514404,1.3411250114440918,6.209350109100342
BFP412,Sesame chickpeas brittle (Til aur channe ki chikki),bfp_manual,Main Meal,Vegetarian,True,piece,98.95794677734375,2.9749999046325684,17.673250198364258,1.631250023841858,1.9397499561309814,12.767749786376953
BFP413,Murmura chikki,bfp_manual,Main Meal,Vegetarian,True,piece,66.62722778320312,0.5576249957084656,15.643500328063965,0.08474999666213989,0.09600000083446503,12.67199993133545
BFP420,Chicken pakora/pakoda,bfp_manual,Snack,Non-Vegetarian,False,pakora,404.3417663574219,4.132879257202148,3.1192944049835205,41.78140640258789,0.6551476716995239,0.14999866485595703
BFP421,Fish pakora/pakoda,bfp_manual,Snack,Non-Vegetarian,False,pakora,395.38720703125,4.092879295349121,3.1192944049835205,40.78540802001953,0.6551476716995239,0.14999866485595703
BFP424,Paneer cutlet,bfp_manual,Snack,Vegetarian,False,cutlet,1215.5654296875,8.296051025390625,13.77250862121582,125.45587921142578,0.7094079852104187,4.559230327606201
BFP425,Sago cutlet/vadas (Sabudana cutlet/vadas),bfp_manual,Snack,Vegetarian,True,cutlet,1178.051025390625,1.1900514364242554,23.669010162353516,120.11287689208984,1.1294080018997192,0.21973049640655518
BFP427,Poshtik cutlet,bfp_manual,Snack,Vegetarian,True,cutlet,1195.624755859375,4.825301647186279,17.794008255004883,122.68412780761719,3.2401580810546875,0.7669804692268372
BFP428,Egg cutlet (Anda cutlet),bfp_manual,Snack,Non-Vegetarian,False,cutlet,1169.2213134765625,4.978551387786865,11.732508659362793,122.5048828125,1.1759079694747925,0.41273051500320435
BFP430,Minced meat cutlet,bfp_manual,Snack,Non-Vegetarian,False,cutlet,1241.007080078125,11.897551536560059,13.08150863647461,127.09037780761719,0.926908016204834,0.7347304821014404
BFP431,Vegetable samosa,bfp_manual,Snack,Vegetarian,True,samosa,447.2283630371094,2.2275147438049316,13.343097686767578,42.615779876708984,1.536973476409912,0.7498434782028198
BFP436,Plain urad dal vada (Uzunne vada/Minapa garelu/Ulundu vadai/Medu vada),bfp_manual,Snack,Vegetarian,True,vada,588.0126342773438,3.4590001106262207,7.650000095367432,60.19350051879883,1.7894999980926514,0.12600000202655792
BFP439,Khaman (dhokla),bfp_manual,Breakfast,Vegetarian,True,dhokla,64.93401336669922,2.283600330352783,6.354108810424805,3.319575548171997,1.7697440385818481,1.6165822744369507
BFP440,Instant dhokla,bfp_manual,Breakfast,Vegetarian,True,dhokla,87.9917221069336,3.2562921047210693,10.243367195129395,3.9821712970733643,1.516652226448059,2.9153449535369873
BFP451,Curd mint dip ,bfp_manual,Main Meal,Vegetarian,False,tablespoon,25.09142303466797,1.5891720056533813,3.0026845932006836,0.8037940263748169,0.2534102499485016,2.5801026821136475
BFP452,Curd vegetable dip,bfp_manual,Main Meal,Vegetarian,False,tablespoon,15.629183769226074,1.0794458389282227,1.6785084009170532,0.5403500199317932,0.17387917637825012,1.5059666633605957
BFP453,Mayonnaise vegetable dip,bfp_manual,Main Meal,Vegetarian,True,tablespoon,103.27918243408203,1.2894457578659058,2.0535082817077637,10.03534984588623,0.17387917637825012,1.8809666633605957
BFP455,Tomato and cucumber sandwich (Tamatar aur kheere ka sandwich),bfp_manual,Dessert,Vegetarian,True,sandwich,118.658935546875,3.173449993133545,16.147974014282227,4.969574928283691,1.65625,1.40892493724823
BFP456,Tomato sandwich (grilled),bfp_manual,Breakfast,Vegetarian,True,sandwich,145.76698303222656,4.801049709320068,16.336599349975586,7.204999923706055,1.4656000137329102,1.9837000370025635
BFP457,French sandwich (toasted),bfp_manual,Breakfast,Vegetarian,True,sandwich,208.458984375,7.612249851226807,16.541025161743164,12.843925476074219,1.5251500606536865,2.029474973678589
BFP458,Peanut butter cucumber sandwich,bfp_manual,Breakfast,Vegetarian,False,sandwich,134.439697265625,4.996500015258789,16.441999435424805,5.8339996337890625,1.8510000705718994,1.6104999780654907
BFP459,Mint and peanut sandwich,bfp_manual,Breakfast,Vegetarian,True,sandwich,134.29071044921875,3.5228559970855713,15.622780799865723,6.814762115478516,1.803229570388794,1.3658944368362427
BFP461,Chicken walnut sandwich (Chicken aur akhrot ke sandwich),bfp_manual,Breakfast,Non-Vegetarian,False,sandwich,190.3996124267578,8.384300231933594,15.067299842834473,11.170225143432617,1.0202749967575073,1.1810499429702759
BFP463,Rolled sandwich,bfp_manual,Breakfast,Vegetarian,True,sandwich,64.47447967529297,1.4197499752044678,7.631149768829346,3.3626999855041504,0.45434999465942383,0.5944499969482422
BFP466,Ribbon sandwich,bfp_manual,Breakfast,Vegetarian,True,ribbon,102.28540802001953,2.6775166988372803,10.584933280944824,5.71619987487793,1.2501333951950073,1.9902666807174683
BFP467,Checker board sandwich,bfp_manual,Breakfast,Vegetarian,True,square,128.16957092285156,2.710474967956543,9.543807983398438,9.069241523742676,0.817633330821991,1.065266728401184
BFP468,Submarine sandwich,bfp_manual,Breakfast,Vegetarian,True,hot dog bun,421.63348388671875,11.83489990234375,26.442949295043945,29.7801513671875,2.4124999046325684,4.85759973526001
BFP470,Cheese open sandwich,bfp_manual,Breakfast,Vegetarian,False,sandwich,150.73745727539062,5.4120001792907715,15.630499839782715,7.833499908447266,0.9595000147819519,1.781000018119812
BFP471,Sunset and sunrise open sandwich,bfp_manual,Breakfast,Vegetarian,True,sandwich,199.68478393554688,7.100549697875977,15.634849548339844,12.525750160217285,1.1496000289916992,1.6096999645233154
BFP472,Danish luncheon sandwich,bfp_manual,Breakfast,Vegetarian,True,sandwich,167.411376953125,7.797299861907959,15.34684944152832,8.71975040435791,1.312600016593933,0.9781999588012695
BFP473,Chicken and corn open sandwich,bfp_manual,Breakfast,Non-Vegetarian,False,sandwich,203.9174346923828,9.352299690246582,20.82054901123047,9.57384967803955,1.8138999938964844,2.684299945831299
BFP476,Chocolate sponge cake,bfp_manual,Dessert,Vegetarian,True,piece,168.69973754882812,6.424866676330566,27.81133270263672,3.874866485595703,0.36800000071525574,17.58066749572754
BFP478,Chocolate swiss roll,bfp_manual,Snack,Vegetarian,True,swiss roll,145.00489807128906,2.846824884414673,12.778249740600586,9.359325408935547,0.1379999965429306,8.919500350952148
BFP479,Lemon curd filling,bfp_manual,Main Meal,Vegetarian,False,tablespoon,56.406002044677734,0.8581249713897705,6.601250171661377,3.1443748474121094,0.0,6.532500267028809
BFP482,Chocolate pastry,bfp_manual,Dessert,Vegetarian,True,pastry,211.93235778808594,6.141980171203613,28.07218360900879,8.815150260925293,0.2759999930858612,19.45250129699707
BFP483,Assorted pastry,bfp_manual,Dessert,Vegetarian,True,pastry,185.35755920410156,5.443329811096191,25.694433212280273,7.15749979019165,0.3449999988079071,15.824749946594238
BFP484,Orange gateau,bfp_manual,Beverage,Vegetarian,True,piece,142.10467529296875,3.8145833015441895,21.55929183959961,4.806000232696533,0.5417500138282776,14.629666328430176
BFP485,Black forest gateau,bfp_manual,Beverage,Vegetarian,True,piece,142.76112365722656,3.8923332691192627,20.03474998474121,5.6235833168029785,0.18400000035762787,14.401999473571777
BFP489,Lemon cake,bfp_manual,Dessert,Vegetarian,True,piece,228.0493621826172,3.224249839782715,26.291250228881836,12.582624435424805,0.37950000166893005,15.762499809265137
BFP491,Dundee cake,bfp_manual,Dessert,Vegetarian,True,piece,239.30816650390625,4.694940090179443,24.979928970336914,13.695416450500488,1.0935025215148926,12.85201358795166
BFP492,Victorian sandwich cake,bfp_manual,Dessert,Vegetarian,True,piece,239.242919921875,3.3217499256134033,28.688875198364258,12.71875,0.37950000166893005,18.072500228881836
BFP495,Chocolate eggless cake,bfp_manual,Dessert,Vegetarian,True,piece,357.24688720703125,7.629866600036621,49.74549865722656,15.101532936096191,0.36800000071525574,39.15733337402344
BFP496,Orange eggless cake,bfp_manual,Dessert,Vegetarian,True,piece,352.6574401855469,7.0970001220703125,52.20650100708008,13.705333709716797,0.5519999861717224,37.553001403808594
BFP507,Coffee drops,bfp_manual,Beverage,Vegetarian,True,small,52.29618453979492,0.8934650421142578,5.081968784332275,3.2061586380004883,0.2214062511920929,2.1561875343322754
BFP513,Chocolate cream shells,bfp_manual,Main Meal,Vegetarian,False,shell,98.1950912475586,1.1730949878692627,13.622699737548828,4.445250034332275,0.2070000022649765,7.98075008392334
BFP518,Cheese straws,bfp_manual,Main Meal,Vegetarian,False,straw,36.85358810424805,0.9485927820205688,2.952924966812134,2.342827796936035,0.12422500550746918,0.172325000166893
BFP521,Flan pastry,bfp_manual,Dessert,Vegetarian,True,pastry,232.9291534423828,3.5127999782562256,24.996000289916992,13.084799766540527,0.828000009059906,3.252000093460083
BFP522,Fruit flan,bfp_manual,Main Meal,Vegetarian,True,flan,1215.941650390625,15.348700523376465,161.50399780273438,58.07794952392578,3.312000036239624,44.27799987792969
BFP523,Orange cream flan,bfp_manual,Main Meal,Vegetarian,False,flan,1132.7652587890625,19.135299682617188,146.14820861816406,54.905250549316406,2.5642499923706055,102.12699890136719
BFP527,Fruit puree tart,bfp_manual,Dessert,Vegetarian,True,tart,159.402587890625,1.8620874881744385,16.92304229736328,9.362297058105469,0.7264950275421143,5.4461798667907715
BFP529,Apple banana pie,bfp_manual,Dessert,Vegetarian,True,pie,948.4566650390625,12.15921401977539,124.84403991699219,44.29029846191406,7.340384006500244,50.39780044555664
BFP531,Lemon chiffon pie,bfp_manual,Dessert,Vegetarian,True,pie,1389.91259765625,26.148000717163086,148.12100219726562,77.8030014038086,3.5239999294281006,61.029998779296875
BFP532,Orange chiffon pie,bfp_manual,Dessert,Vegetarian,True,pie,1449.870849609375,27.15475082397461,161.61074829101562,77.93924713134766,4.860000133514404,73.03424835205078
BFP534,Cream buns,bfp_manual,Main Meal,Vegetarian,False,bun,179.6714324951172,3.7070000171661377,11.794437408447266,13.166000366210938,0.25874999165534973,4.956187725067139
BFP535,Savoury puffs,bfp_manual,Snack,Vegetarian,True,puff,263.9988708496094,13.160749435424805,14.945337295532227,21.092199325561523,0.45959997177124023,6.238887786865234
BFP536,Choux swans,bfp_manual,Main Meal,Vegetarian,True,swan,370.2906494140625,7.451859951019287,25.543840408325195,26.708099365234375,0.5988999605178833,10.490724563598633
BFP539,Potato aigrettes,bfp_manual,Main Meal,Vegetarian,True,aigrette,219.40928649902344,0.9732999801635742,3.314070701599121,22.4526424407959,0.18556666374206543,0.30332085490226746
BFP541,Cream horns,bfp_manual,Main Meal,Vegetarian,False,horn,469.9718933105469,3.940499782562256,26.61349868774414,38.62474822998047,0.6899999976158142,8.19950008392334
BFP542,Savoury cheese horns,bfp_manual,Main Meal,Vegetarian,False,horn,218.16317749023438,4.1840996742248535,15.801582336425781,15.304483413696289,0.5392333269119263,2.0284667015075684
BFP544,Paneer patties,bfp_manual,Main Meal,Vegetarian,False,patty,340.98583984375,7.6514811515808105,22.956830978393555,24.125686645507812,1.184029459953308,4.07111930847168
BFP545,Vegetable patties ,bfp_manual,Main Meal,Vegetarian,True,patty,303.0684814453125,4.635480880737305,24.274330139160156,20.526687622070312,3.037029504776001,1.7276195287704468
BFP546,Pearl millet infant food (Bajra shishu aahaar),bfp_manual,Main Meal,Vegetarian,True,,181.2217559814453,5.991250038146973,31.04800033569336,3.312000036239624,3.919250011444092,13.032249450683594
BFP547,Sajina,bfp_manual,Main Meal,Vegetarian,True,,172.62969970703125,5.4054999351501465,33.43450164794922,1.5164999961853027,3.809499979019165,12.945499420166016
BFP548,Cereal mix ,bfp_manual,Main Meal,Vegetarian,True,,151.01214599609375,4.147500038146973,27.29800033569336,2.5195000171661377,2.540750026702881,13.352999687194824
BFP549,Pulse mix,bfp_manual,Main Meal,Vegetarian,True,,111.05533599853516,4.208666801452637,21.32699966430664,0.7250000238418579,2.998666763305664,8.779999732971191
BFP550,Shishu ahar,bfp_manual,Main Meal,Vegetarian,True,,124.48693084716797,3.4826667308807373,23.219999313354492,1.9129999876022339,1.3606666326522827,8.817999839782715
BFP552,Cereal pulse mix with amylase rice flour,bfp_manual,Main Meal,Vegetarian,True,,128.83534240722656,3.627333164215088,23.63399887084961,2.3309998512268066,2.945333242416382,7.513333320617676
BFP553,Banana groundnut paste/puree,bfp_manual,Main Meal,Vegetarian,True,,213.18800354003906,4.2729997634887695,36.154998779296875,5.451000213623047,1.7009999752044678,31.674999237060547
BFP554,Rice dal porridge (Chawal dal ki khichdi/khichri),bfp_manual,Breakfast,Vegetarian,True,,127.7773666381836,3.5989999771118164,21.679332733154297,2.7763333320617676,1.503000020980835,8.84766674041748
BFP555,Lentils and semolina porridge (Dal suji porridge/daliya),bfp_manual,Breakfast,Vegetarian,True,,234.5784912109375,6.523000240325928,46.38199996948242,2.123000144958496,2.88100004196167,27.677000045776367
BFP556,Spinach khichri (Palak khichri/khichdi),bfp_manual,Main Meal,Vegetarian,True,,153.52467346191406,5.1514997482299805,26.068750381469727,2.8677499294281006,2.344249963760376,0.31025001406669617
BFP557,Vegetable mix,bfp_manual,Main Meal,Vegetarian,True,,174.20919799804688,4.699999809265137,36.018001556396484,0.940000057220459,1.934999942779541,27.36199951171875
BFP558,Lentils and wheat porridge (Dal wheat porridge/daliya ),bfp_manual,Breakfast,Vegetarian,True,,89.44419860839844,4.616000175476074,14.241000175476074,1.6039999723434448,2.187000036239624,1.562000036239624
BFP559,Maize porridge,bfp_manual,Breakfast,Vegetarian,True,,152.26992797851562,3.6377499103546143,26.590749740600586,3.207249879837036,2.856250047683716,13.067249298095703
BFP560,Spinach peanut burfi (Palak aur mungfali ki burfi),bfp_manual,Dessert,Vegetarian,True,,252.89401245117188,8.052499771118164,32.61750030517578,10.547500610351562,4.975000381469727,27.594999313354492
BFP561,Split bengal gram burfi/fudge (Channa dal burfi),bfp_manual,Dessert,Vegetarian,True,piece,176.007080078125,2.846374988555908,33.46212387084961,4.344375133514404,1.2625000476837158,26.569875717163086
BFP564,Pearl millet mathri (Bajra mathri),bfp_manual,Snack,Vegetarian,True,piece,1178.5980224609375,2.7360000610351562,11.142499923706055,124.78675079345703,2.042249917984009,0.23925000429153442
BFP566,Fermented bengal gram vada (Khameerikrit/Ufna hua channa dal ka vada),bfp_manual,Snack,Vegetarian,True,vada,592.6372680664062,3.650750160217285,7.824250221252441,60.55099868774414,2.3897500038146973,0.31724998354911804
BFP568,Poshtik namak paras,bfp_manual,Main Meal,Vegetarian,True,piece,79.12740325927734,0.8372262716293335,2.518465042114258,7.298412322998047,0.5875124931335449,0.11241249740123749
BFP569,Soya chikki,bfp_manual,Main Meal,Vegetarian,True,piece,318.8329162597656,5.406499862670898,47.323001861572266,11.674250602722168,2.6710000038146973,34.21500015258789
BFP570,Besan bathua chilla/cheela,bfp_manual,Breakfast,Vegetarian,True,cheela,112.61219787597656,3.4570000171661377,12.244999885559082,5.595000267028809,2.3464999198913574,0.4360000193119049
BFP571,Wheat flour and nuts ladoos (Atta nuts ladoos),bfp_manual,Dessert,Vegetarian,True,ladoo,142.06434631347656,3.429875135421753,16.064125061035156,6.957250118255615,2.647749900817871,5.777750015258789
BFP573,Gram flour and semolina dhokla (Besan suji dhokla),bfp_manual,Breakfast,Vegetarian,True,piece,196.50335693359375,8.413256645202637,25.60411834716797,7.009600639343262,4.530895709991455,2.549443006515503
BFP574,Atta dal burfi ,bfp_manual,Dessert,Vegetarian,True,piece,115.78395080566406,2.58174991607666,15.74899959564209,4.833000183105469,1.5799999237060547,8.168000221252441
BFP575,Soya roti,bfp_manual,Main Meal,Vegetarian,True,roti,142.92840576171875,4.622166633605957,20.14766502380371,4.644833087921143,4.383333206176758,0.797333300113678
BFP576,Poshtik khichdi/khichri,bfp_manual,Main Meal,Vegetarian,True,plate,336.4347839355469,10.96596622467041,56.34809875488281,6.7853498458862305,7.189133167266846,0.9369833469390869
BFP577,Namkeen daliya,bfp_manual,Snack,Vegetarian,True,plate,346.1401672363281,9.718125343322754,57.8466682434082,9.374791145324707,10.046667098999023,0.9599999785423279
BFP578,Sprouts upma ,bfp_manual,Breakfast,Vegetarian,True,plate,301.4875793457031,9.058483123779297,42.85746765136719,9.950949668884277,6.82990026473999,1.5931166410446167
BFP579,Semolina idli (Suji/Rava idli),bfp_manual,Breakfast,Vegetarian,True,idli,61.14316177368164,2.768343687057495,9.975062370300293,1.0290937423706055,1.7318750619888306,1.012125015258789
BFP580,Poshtik chilla/cheela,bfp_manual,Breakfast,Vegetarian,True,cheela,115.3697738647461,3.505716562271118,19.862531661987305,2.1985833644866943,3.5497334003448486,0.8831333518028259
BFP604,Stuffed bittergourd (dry) (Bharwa karela),bfp_manual,Main Meal,Vegetarian,True,bowl,230.9026336669922,1.365299940109253,2.6410999298095703,23.747400283813477,3.1828999519348145,0.07015000283718109
BFP605,Cauliflower potato canjee,bfp_manual,Main Meal,Vegetarian,True,glass,35.579132080078125,1.2080833911895752,5.581666946411133,0.8317500352859497,1.4523333311080933,0.27549999952316284
BFP606,Creamed spinach,bfp_manual,Main Meal,Vegetarian,True,small bowl,373.69451904296875,19.989299774169922,17.129549026489258,24.641849517822266,5.118900299072266,6.131799697875977
BFP607,Mango milkshake with ice cream (Aam milkshake ice cream ke saath),bfp_manual,Beverage,Vegetarian,False,tall glass,232.3909912109375,6.564000129699707,31.214000701904297,9.513999938964844,0.781999945640564,30.959999084472656
BFP608,Pineapple milkshake with ice cream (Ananas milkshake ice cream ke saath),bfp_manual,Beverage,Vegetarian,False,tall glass,232.86900329589844,6.556000232696533,31.709999084472656,9.357999801635742,1.4139999151229858,31.2760009765625
BFP609,Orange milkshake with ice cream (Narangi milkshake ice cream ke saath),bfp_manual,Beverage,Vegetarian,False,tall glass,230.57460021972656,6.628000259399414,31.110000610351562,9.345999717712402,0.5459999442100525,30.59600067138672
OSR001,Woodapple juice (Bel ka sharbat),open_source_recipes,Beverage,Vegetarian,True,glass,120.07478332519531,2.2106666564941406,22.8705997467041,2.4553332328796387,3.6180334091186523,20.210832595825195
OSR002,Sattu drink,open_source_recipes,Beverage,Vegetarian,True,glass,124.87442016601562,3.0169999599456787,27.540800094604492,0.7434000372886658,2.121000051498413,21.14419937133789
OSR004,Apple and honey sorbet (Seb aur shehad ka sharbat),open_source_recipes,Beverage,Vegetarian,True,cup,196.95611572265625,0.249037504196167,49.9177131652832,0.46859997510910034,1.8356624841690063,47.38038635253906
OSR005,Thandai,open_source_recipes,Beverage,Vegetarian,True,glass,256.4539489746094,9.103363037109375,23.14910125732422,14.922101974487305,2.017866611480713,20.802947998046875
OSR006,Cucumber sharbat (Kheere ka sharbat),open_source_recipes,Beverage,Vegetarian,True,glass,112.13699340820312,1.065000057220459,27.26999855041504,0.23999999463558197,3.2100000381469727,22.454999923706055
OSR007,Apple oats chia seed smoothie,open_source_recipes,Beverage,Vegetarian,True,glass,538.2781982421875,21.941801071166992,82.14710235595703,15.563699722290039,9.077000617980957,36.20800018310547
OSR008,Nannari sharbat,open_source_recipes,Beverage,Vegetarian,True,cup,990.0067138671875,0.11600000411272049,263.4070129394531,0.10500000417232513,0.0,262.968994140625
OSR009,Semolina milk drink (Thari kanji),open_source_recipes,Beverage,Vegetarian,False,cup,116.35420227050781,2.591416120529175,18.24614906311035,3.5918147563934326,1.9048919677734375,10.228204727172852
OSR010,Saffron milk (Kesariya doodh),open_source_recipes,Main Meal,Vegetarian,False,glass,268.470458984375,8.325782775878906,33.219539642333984,12.004573822021484,0.37877002358436584,32.85055923461914
OSR011,Black rice kheer (Chak-hao kheer),open_source_recipes,Dessert,Vegetarian,True,bowl,307.2153625488281,9.066999435424805,47.61859893798828,10.186333656311035,1.587666630744934,26.10121726989746
OSR012,Coconut kheer (Nariyal ki kheer),open_source_recipes,Dessert,Vegetarian,True,bowl,1057.5909423828125,22.09733772277832,93.80294799804688,68.59283447265625,9.979975700378418,89.29561614990234
OSR013,Apple sago payasam (Seb aur sabudana ki kheer),open_source_recipes,Dessert,Vegetarian,True,bowl,451.91082763671875,10.364500999450684,47.6837272644043,25.361181259155273,1.2617839574813843,35.19947052001953
OSR014,Kesari bath,open_source_recipes,Main Meal,Vegetarian,True,bowl,432.2361145019531,4.232948303222656,55.464134216308594,22.242149353027344,2.920273542404175,35.632728576660156
OSR015,Putharekulu,open_source_recipes,Main Meal,Vegetarian,True,roll,170.29225158691406,1.9564999341964722,31.89000129699707,4.041500091552734,0.9350000023841858,12.767499923706055
OSR016,Mango malpua,open_source_recipes,Dessert,Vegetarian,True,piece,1314.7144775390625,6.480295181274414,50.450557708740234,120.49756622314453,8.183868408203125,19.48147964477539
OSR017,Mango vanilla custard,open_source_recipes,Dessert,Vegetarian,True,glass,300.0600891113281,6.972149848937988,37.41239929199219,14.316824913024902,2.0197501182556152,29.716951370239258
OSR018,Kiwi granola pudding,open_source_recipes,Dessert,Vegetarian,True,bowl,1472.376220703125,29.348949432373047,169.41725158691406,80.48384857177734,19.438499450683594,78.99819946289062
OSR019,Oats burfi,open_source_recipes,Dessert,Vegetarian,True,piece,256.1752014160156,5.353999614715576,37.637149810791016,10.404749870300293,2.9872500896453857,19.838449478149414
OSR020,Lotus seed halwa (Kamal gattay ka halwa),open_source_recipes,Dessert,Vegetarian,True,piece,1343.2435302734375,28.24041748046875,143.41250610351562,74.99458312988281,1.5316667556762695,35.51499938964844
OSR021,Amaranth ladoo (Rajgira ladoo),open_source_recipes,Dessert,Vegetarian,True,ladoo,199.27574157714844,4.438811779022217,22.521825790405273,9.961526870727539,2.242133378982544,8.74104118347168
OSR022,Chhena poda,open_source_recipes,Main Meal,Vegetarian,True,slice,255.83973693847656,10.16062068939209,24.975658416748047,13.320528984069824,1.037000060081482,22.760616302490234
OSR023,Sweet couscous dessert,open_source_recipes,Dessert,Vegetarian,True,bowl,451.7503662109375,8.780449867248535,68.36726379394531,17.710336685180664,5.009962558746338,36.59009552001953
OSR024,Sweetened yogurt (Shrikhand),open_source_recipes,Dessert,Vegetarian,False,bowl,326.50140380859375,16.065338134765625,48.791011810302734,8.814994812011719,0.24165749549865723,48.17706298828125
OSR025,Thickened sweetened milk (Rabri),open_source_recipes,Dessert,Vegetarian,False,bowl,226.4436798095703,7.744189262390137,23.230745315551758,11.78347110748291,0.4285673201084137,22.233375549316406
OSR026,Gram flour halwa (Besan halwa),open_source_recipes,Dessert,Vegetarian,True,piece,411.1542663574219,8.727334976196289,38.288272857666016,25.69412612915039,2.699249744415283,23.521076202392578
OSR027,Prawn sandwich,open_source_recipes,Breakfast,Non-Vegetarian,False,sandwich,386.7912292480469,23.62220001220703,27.11305046081543,21.143999099731445,3.53410005569458,2.7604000568389893
OSR028,Watercress sandwich,open_source_recipes,Beverage,Vegetarian,True,triangle,124.17220306396484,2.797374963760376,15.172499656677246,6.2088751792907715,1.2228749990463257,0.9809999465942383
OSR029,Fish sandwich ,open_source_recipes,Breakfast,Non-Vegetarian,False,sandwich,391.45098876953125,12.314287185668945,26.294437408447266,27.02216148376465,3.201512575149536,2.7179625034332275
OSR030,Kidney bean sandwich with cottage cheese,open_source_recipes,Breakfast,Vegetarian,False,triangle,423.41680908203125,23.59981346130371,45.20773696899414,16.401451110839844,8.770066261291504,8.840611457824707
OSR062,Afghani chicken,open_source_recipes,Main Meal,Non-Vegetarian,False,plate,287.4958190917969,29.7205753326416,3.6930248737335205,17.210025787353516,0.5837000012397766,1.570849895477295
OSR063,Fish orly,open_source_recipes,Main Meal,Non-Vegetarian,False,fillet,1657.27783203125,17.26511573791504,12.543316841125488,171.06057739257812,0.9607166647911072,0.6980833411216736
OSR064,Hariyali Fish Tikka,open_source_recipes,Main Meal,Non-Vegetarian,False,kebab,268.2481689453125,25.014066696166992,3.937392473220825,16.79391098022461,1.7659350633621216,1.4906724691390991
OSR065,Chicken manchurian,open_source_recipes,Main Meal,Non-Vegetarian,False,plate,632.9912719726562,42.39780807495117,26.96162986755371,53.18003463745117,1.8300795555114746,3.9812943935394287
OSR066,Handi chicken,open_source_recipes,Main Meal,Non-Vegetarian,False,plate,384.9580993652344,28.572925567626953,3.4662749767303467,28.899200439453125,1.5559500455856323,1.749250054359436
OSR067,Lemon chicken,open_source_recipes,Main Meal,Non-Vegetarian,False,plate,486.57318115234375,57.88319778442383,1.5782732963562012,27.669757843017578,0.4575958251953125,0.46463000774383545
OSR068,Lemon butter fish,open_source_recipes,Main Meal,Non-Vegetarian,False,piece,320.4913635253906,32.766300201416016,1.507449984550476,20.517126083374023,0.7237499952316284,0.45660001039505005
OSR070,Egg in a pepper,open_source_recipes,Main Meal,Non-Vegetarian,False,egg,749.5039672851562,73.58219909667969,1.0041999816894531,50.49340057373047,0.9886000156402588,0.28220000863075256
OSR071,Spinach mushroom scrambled egg (Palak mushroom bhurji),open_source_recipes,Main Meal,Non-Vegetarian,False,plate,184.97520446777344,15.463709831237793,0.6844850182533264,13.403764724731445,0.45941999554634094,0.12209999561309814
OSR072,Corn omelette/omlet,open_source_recipes,Breakfast,Non-Vegetarian,False,omelette,324.2568664550781,22.08864974975586,3.050524950027466,25.04442596435547,0.041450001299381256,0.7944000363349915
OSR073,Cajun chicken,open_source_recipes,Main Meal,Non-Vegetarian,False,chicken breast,309.7783508300781,21.258323669433594,3.2548251152038574,23.427963256835938,1.4869625568389893,1.8371875286102295
OSR074,Paaner do pyaza,open_source_recipes,Main Meal,Vegetarian,True,bowl,296.11334228515625,9.775385856628418,7.898259162902832,25.204971313476562,1.9409979581832886,5.094369411468506
OSR075,Cabbage manchurian (Pattagobhi manchurian),open_source_recipes,Main Meal,Vegetarian,True,bowl,1660.4105224609375,4.709125995635986,35.90125274658203,166.47474670410156,2.753800392150879,2.4708986282348633
OSR076,Gobi 65,open_source_recipes,Main Meal,Vegetarian,True,plate,2386.47509765625,4.813387393951416,30.805992126464844,249.62759399414062,4.896490573883057,2.479243040084839
OSR077,Paneer lababdar,open_source_recipes,Main Meal,Vegetarian,False,bowl,403.240478515625,15.230311393737793,12.874412536621094,32.36094284057617,4.425110816955566,7.507086753845215
OSR078,Roasted cauliflower steak,open_source_recipes,Beverage,Vegetarian,True,cauliflower steak,84.47772216796875,2.1986751556396484,2.1739249229431152,7.1915998458862305,3.7929000854492188,0.4760499894618988
OSR079,Sauteed radishes with green beans,open_source_recipes,Main Meal,Vegetarian,True,plate,91.10576629638672,2.330831289291382,5.830923557281494,6.383091449737549,3.3988163471221924,1.7167361974716187
OSR086,Chicken salad,open_source_recipes,Main Meal,Non-Vegetarian,False,bowl,835.3392944335938,37.85992431640625,3.2181501388549805,74.73367309570312,4.929500102996826,2.3760249614715576
OSR087,Macaroni salad,open_source_recipes,Main Meal,Vegetarian,True,cup,422.23931884765625,8.077366828918457,34.83081817626953,28.63697052001953,0.8938249945640564,6.000962734222412
OSR088,Cabbage raita (Pattagobhi raita),open_source_recipes,Main Meal,Vegetarian,True,bowl,196.94900512695312,7.53193998336792,12.18118953704834,13.370880126953125,2.148705005645752,9.783055305480957
OSR089,Pomegranate raita (Anaar ka raita),open_source_recipes,Main Meal,Vegetarian,True,bowl,104.78971099853516,5.838799953460693,10.316699981689453,4.671225070953369,0.8654000163078308,10.115175247192383
OSR090,Onion raita (Pyaaz ka raita),open_source_recipes,Main Meal,Vegetarian,True,bowl,111.98735046386719,7.598700046539307,12.305550575256348,3.7955000400543213,1.0141000747680664,11.06445026397705
OSR091,Green chilli raita (Hari mirch ka raita),open_source_recipes,Main Meal,Vegetarian,True,bowl,79.0730209350586,5.719511985778809,7.853992462158203,2.9981038570404053,0.2652440071105957,7.682004451751709
OSR092,Kale salad,open_source_recipes,Main Meal,Vegetarian,True,bowl,95.3546371459961,2.605071783065796,2.686206340789795,8.224740982055664,0.7293750047683716,1.774056315422058
OSR093,Spinach and paneer souffle ,open_source_recipes,Main Meal,Vegetarian,False,souffle dish,839.7382202148438,34.10165023803711,43.47930145263672,60.8557014465332,4.818649768829346,12.653300285339355
OSR095,Chicken and cheese souffle,open_source_recipes,Main Meal,Non-Vegetarian,False,souffle dish,356.5025634765625,17.728225708007812,6.776150226593018,28.813274383544922,0.5014500021934509,4.8182501792907715
OSR099,Sago khitchdi/khichri (Sabudana khitchdi/khichri),open_source_recipes,Main Meal,Vegetarian,True,bowl,507.8895263671875,7.384454250335693,60.82209014892578,27.41083335876465,4.948780536651611,2.8045620918273926
OSR100,Gram flour chilla/cheela (Besan chilla/cheela),open_source_recipes,Breakfast,Vegetarian,True,cheela,70.78333282470703,4.062991142272949,10.950437545776367,1.485186219215393,2.213585376739502,0.9730478525161743
OSR101,Vegetable namkeen jave,open_source_recipes,Snack,Vegetarian,True,plate,409.9671630859375,10.70620346069336,69.32181549072266,9.154226303100586,10.444602966308594,3.805088758468628
OSR102,Khakhra,open_source_recipes,Snack,Vegetarian,True,khakhra,135.09913635253906,3.6143250465393066,20.937118530273438,4.025943756103516,4.112662315368652,0.6667875051498413
OSR103,Moong bean dosa (Pesarattu),open_source_recipes,Breakfast,Vegetarian,True,pesarattu,75.93962097167969,3.2713518142700195,8.473109245300293,3.097903251647949,1.6041226387023926,0.7702734470367432
OSR104,Methi thepla,open_source_recipes,Breakfast,Vegetarian,True,thepla,126.16130828857422,3.2728946208953857,15.066572189331055,5.811525344848633,2.755455493927002,1.0869481563568115
OSR105,Rice puttu (Ari puttu),open_source_recipes,Breakfast,Vegetarian,True,puttu,344.40582275390625,5.293999671936035,49.66200256347656,13.131999969482422,3.1760001182556152,1.3860000371932983
OSR106,Buckwheat pancake (Khura),open_source_recipes,Dessert,Vegetarian,True,pancake,274.92730712890625,3.0358333587646484,28.48200035095215,17.158634185791016,0.5838666558265686,0.6688666343688965
OSR107,Quinoa khichdi/khichri,open_source_recipes,Main Meal,Vegetarian,True,bowl,203.7144775390625,10.116538047790527,28.105424880981445,5.0636749267578125,8.200400352478027,2.189037561416626
OSR108,Khakhra chaat,open_source_recipes,Snack,Vegetarian,True,plate,2996.461669921875,37.795867919921875,139.03887939453125,256.04864501953125,25.410972595214844,27.251792907714844
OSR110,Banana appam,open_source_recipes,Breakfast,Vegetarian,True,appam,1364.197509765625,3.391249895095825,58.242401123046875,123.48949432373047,1.9567500352859497,28.88719940185547
OSR111,Veg manchurian,open_source_recipes,Main Meal,Vegetarian,True,plate,1141.692138671875,1.7337969541549683,13.293288230895996,120.18923950195312,2.2635209560394287,1.4759669303894043
OSR112,Pav bhaji,open_source_recipes,Main Meal,Vegetarian,True,,560.9789428710938,15.461434364318848,69.70002746582031,25.09292984008789,11.50485897064209,11.955056190490723
OSR113,Rice murukku,open_source_recipes,Snack,Vegetarian,True,piece,183.28834533691406,1.670851469039917,10.273255348205566,14.880807876586914,0.6735614538192749,0.052561428397893906
OSR114,Bhel puri ,open_source_recipes,Snack,Vegetarian,True,plate,3573.644775390625,24.653179168701172,115.417236328125,335.7978210449219,15.701273918151855,23.88747215270996
OSR115,Semolina dhokla (Suji/Rava dhokla),open_source_recipes,Breakfast,Vegetarian,True,plate,195.35812377929688,5.4479522705078125,30.935195922851562,5.213229179382324,5.129305362701416,1.8513127565383911
OSR116,Spicy corn chaat ,open_source_recipes,Snack,Vegetarian,True,plate,2659.16650390625,25.533241271972656,63.44169235229492,258.001953125,12.014894485473633,5.2545247077941895
OSR118,Jackfruit fritters (Ponsa mulik/Kathal ka pakora),open_source_recipes,Snack,Vegetarian,True,mulik/fritter,160.1217041015625,0.6270371079444885,6.429183006286621,14.572922706604004,0.4019800126552582,3.0752570629119873
OSR119,Banana chips (Kele ke chips),open_source_recipes,Snack,Vegetarian,True,bowl,1134.1285400390625,0.625,12.475000381469727,120.04000091552734,1.1050000190734863,7.449999809265137
OSR120,Wheat cake,open_source_recipes,Dessert,Vegetarian,True,piece,210.2116241455078,3.2000250816345215,27.482250213623047,9.988775253295898,1.8459999561309814,17.229000091552734
OSR121,Mango cheesecake,open_source_recipes,Dessert,Vegetarian,True,slice,265.5637512207031,4.160368919372559,34.944156646728516,12.722587585449219,1.9941874742507935,26.75493812561035
OSR122,Carrot cake (Gajar ka cake),open_source_recipes,Dessert,Vegetarian,True,slice,255.4592742919922,5.597040176391602,35.966251373291016,10.26488971710205,2.9330949783325195,23.944869995117188
OSR123,Semolina cake (Suji/Rava cake),open_source_recipes,Dessert,Vegetarian,True,square,220.74285888671875,3.882944345474243,18.481233596801758,14.856111526489258,3.1689999103546143,11.128255844116211
OSR124,Finger millet cake (Ragi cake),open_source_recipes,Dessert,Vegetarian,True,slice,275.5956115722656,3.901154041290283,38.39366149902344,12.097212791442871,2.320500135421753,24.41735076904297
OSR125,Honey cake,open_source_recipes,Dessert,Vegetarian,True,slice,546.0504150390625,5.03774356842041,80.27362823486328,24.066713333129883,0.828000009059906,54.72681427001953
OSR126,Almond cardamom cake (Badam elaichi cake),open_source_recipes,Dessert,Vegetarian,True,slice,242.83627319335938,4.891160488128662,23.53183364868164,14.553060531616211,1.600487470626831,12.305623054504395
OSR127,Tutti frutti cake,open_source_recipes,Dessert,Vegetarian,True,cake,2949.54833984375,38.092201232910156,449.0364990234375,107.57720184326172,7.176000118255615,238.22799682617188
OSR128,Ham and Bean soup,open_source_recipes,Main Meal,Non-Vegetarian,False,bowl,144.8191680908203,15.994619369506836,6.297743797302246,6.258737564086914,0.8189624547958374,2.163656234741211
OSR129,Whey soup,open_source_recipes,Main Meal,Vegetarian,False,bowl,153.9580841064453,7.718428134918213,13.984140396118164,7.457155704498291,1.8755147457122803,13.108997344970703
OSR130,Bottle gourd soup (Ghiya/Lauki soup),open_source_recipes,Main Meal,Vegetarian,True,bowl,68.01055145263672,1.3387960195541382,3.4255759716033936,5.295558452606201,2.828428030014038,1.146456003189087
OSR131,Baked potato soup,open_source_recipes,Main Meal,Vegetarian,True,bowl,769.8779907226562,30.009199142456055,30.63279914855957,58.678466796875,1.5641334056854248,18.000999450683594
OSR132,Pumpkin soup,open_source_recipes,Main Meal,Vegetarian,True,bowl,127.51139068603516,1.4968582391738892,6.611066818237305,10.193049430847168,3.7916581630706787,4.679233551025391
OSR133,Sweet corn soup,open_source_recipes,Dessert,Vegetarian,True,bowl,126.47539520263672,3.8842060565948486,13.981891632080078,6.40230131149292,1.2211956977844238,3.5131916999816895
OSR134,Paneer soup,open_source_recipes,Main Meal,Vegetarian,False,bowl,292.24871826171875,19.678150177001953,14.805025100708008,17.105449676513672,1.7117999792099,12.07664966583252
OSR135,Curried Cauliflower soup,open_source_recipes,Main Meal,Vegetarian,True,cup,129.8428955078125,23.360918045043945,10.843255043029785,33.99995040893555,8.135015487670898,6.230567455291748
OSR136,Millet soup,open_source_recipes,Main Meal,Vegetarian,True,bowl,129.64413452148438,26.077722549438477,19.033071517944336,29.10393714904785,6.53617000579834,3.3642261028289795
OSR137,Lemon coriander soup,open_source_recipes,Main Meal,Vegetarian,True,bowl,52.52367401123047,1.1025029420852661,5.014246940612793,3.042043447494507,3.290214776992798,1.0669597387313843
OSR138,Garlic soup,open_source_recipes,Main Meal,Vegetarian,True,bowl,280.5960693359375,3.432300090789795,10.058600425720215,25.371700286865234,2.3949999809265137,3.4369001388549805
OSR139,Dal makhani,open_source_recipes,Main Meal,Vegetarian,True,bowl,261.62567138671875,11.71435260772705,28.125356674194336,10.824372291564941,8.025202751159668,2.819605588912964
OSR141,Dalma,open_source_recipes,Main Meal,Vegetarian,True,bowl,313.7039794921875,12.947315216064453,39.679779052734375,12.091920852661133,5.695664882659912,8.167451858520508
OSR142,Split bengal gram dal (Channa dal),open_source_recipes,Main Meal,Vegetarian,True,bowl,291.2042541503906,12.129334449768066,29.19947624206543,13.504969596862793,10.860189437866211,2.8503575325012207
OSR143,Horsegram dal (Kulthi dal) ,open_source_recipes,Main Meal,Vegetarian,True,bowl,200.7939453125,10.497946739196777,29.612272262573242,4.094069004058838,5.490872859954834,2.6057403087615967
OSR144,Panchmel dal,open_source_recipes,Main Meal,Vegetarian,True,bowl,334.60162353515625,13.913907051086426,32.21672821044922,16.11187744140625,9.617034912109375,2.2459113597869873
OSR145,Dal dhokli,open_source_recipes,Main Meal,Vegetarian,True,bowl,231.4104766845703,9.955497741699219,28.768373489379883,8.31725788116455,6.266220569610596,3.7784504890441895
OSR146,Gujarati handvo ,open_source_recipes,Main Meal,Vegetarian,True,cake,1442.543701171875,57.3958854675293,221.89785766601562,33.442073822021484,34.511539459228516,17.48946189880371
OSR147,Sev (Omapodi/Karapusa),open_source_recipes,Snack,Vegetarian,True,plate,834.2210083007812,7.00689697265625,17.625398635864258,82.27465057373047,3.2141482830047607,0.7196583151817322
OSR148,Papdi,open_source_recipes,Main Meal,Vegetarian,True,plate,1231.376708984375,3.1775500774383545,22.394100189208984,125.2486343383789,0.9797500371932983,0.5439000129699707
OSR151,Jowar dosa,open_source_recipes,Breakfast,Vegetarian,True,dosa,97.24771881103516,2.80942702293396,13.391219139099121,3.3951423168182373,1.837576985359192,0.19567307829856873
OSR152,Bread roll,open_source_recipes,Snack,Vegetarian,True,bread roll,526.9236450195312,3.4542646408081055,19.502994537353516,48.703758239746094,1.7498760223388672,1.1420484781265259
OSR153,Soya seekh kebab,open_source_recipes,Snack,Vegetarian,True,kabab,65.75074005126953,3.083461046218872,5.715244293212891,3.359422206878662,1.2786778211593628,0.29420554637908936
OSR154,Classic seasoned black beans,open_source_recipes,Beverage,Vegetarian,True,bowl,50.71248245239258,14.110042572021484,13.491899490356445,14.596583366394043,6.178858757019043,0.7777000069618225
OSR155,Maa chaane ki dal,open_source_recipes,Main Meal,Vegetarian,True,bowl,279.437744140625,16.053056716918945,34.95050811767578,7.705496311187744,10.905019760131836,0.8544899821281433
OSR156,Garlic chickpea soup (Lahasun aur chane ka shoraba),open_source_recipes,Main Meal,Vegetarian,True,soup bowl,284.8934020996094,14.1528959274292,44.28807067871094,6.410033226013184,9.035979270935059,8.441920280456543
